StudyID,GenderCode,GenderLabel,AgeBaselineYears,AgeCategoryCode,AgeCategoryLabel,HistoryDiabetes,HistoryCHD,HistoryVascular,HistorySmoking,HistoryHTN,HistoryDLD,HistoryObesity_Source,Obesity_BMI_ge30,Obesity_RoundingBoundary_Flag,DLDmeds,DMmeds,HTNmeds,ACEI_ARB,TotalCholesterol_mmol_L,Triglycerides_mmol_L,HbA1c_pct,Creatinine_umol_L,eGFR_mL_min_1_73m2,SBP_mmHg,DBP_mmHg,BMI_kg_m2,TimeToEventMonths,EventCKD35,OutcomeStatus,MethodDev_CV_Fold5
1,0,Female,64,1,50–64,0,0,0,0,1,1,1,1,0,1,0,1,0,4.8,0.92,5.9,59.0,93.31904968344205,144,87,40.161842132880395,98,0,Right-censored,2
2,0,Female,52,1,50–64,0,0,0,0,1,1,1,1,0,0,0,1,0,6.4,1.84,6.0,52.0,105.83383592582024,148,91,44.5369406867846,106,0,Right-censored,5
3,0,Female,56,1,50–64,0,0,0,0,1,1,1,1,0,1,0,1,0,6.4,1.75,5.9,57.0,99.83982333182821,149,86,40.54343720972961,88,0,Right-censored,5
4,0,Female,58,1,50–64,0,0,0,0,0,1,1,1,0,1,0,0,0,5.1,1.22,5.5,65.0,90.31515909810393,116,68,32.02558443313364,103,0,Right-censored,3
5,0,Female,63,1,50–64,1,0,0,0,1,1,1,1,0,1,1,1,1,5.0,1.11,7.46,70.0,79.72519893479723,132,63,30.757400999615534,105,0,Right-censored,3
6,0,Female,51,1,50–64,0,0,0,0,1,1,1,1,0,1,0,1,1,4.9,0.94,6.2,57.0,103.40881498967241,124,84,36.796932067202334,105,0,Right-censored,4
7,0,Female,71,2,≥65,1,0,0,0,1,1,1,1,0,0,0,1,1,5.6,6.19,6.5,59.0,88.84132906509262,125,72,35.84091588705199,98,0,Right-censored,3
8,0,Female,44,0,≤49,0,0,0,0,0,1,1,1,0,0,0,0,0,6.6,3.9,5.8,69.0,92.70750000828815,120,77,44.120707596253894,93,0,Right-censored,5
9,0,Female,54,1,50–64,0,0,0,0,0,1,1,1,0,1,0,0,0,5.0,0.5699,6.0,63.0,96.46575800213361,123,79,39.728309624503396,88,0,Right-censored,5
10,0,Female,44,0,≤49,1,0,0,0,1,1,1,1,0,1,0,1,1,5.7,0.52,6.9,54.0,110.57020185609045,157,87,35.567766946441346,103,0,Right-censored,4
11,0,Female,49,0,≤49,0,0,0,0,1,1,1,1,0,1,0,1,1,6.8,3.06,6.2,49.0,110.22177017490867,112,64,35.83176176483488,105,0,Right-censored,4
12,1,Male,56,1,50–64,0,0,0,1,0,1,0,0,0,0,0,0,0,4.6,2.5099,5.1,90.0,82.01659466353227,121,78,25.344352617079892,105,0,Right-censored,5
13,0,Female,48,0,≤49,0,0,0,0,1,0,1,0,1,0,0,1,0,4.3,0.93,5.7,64.0,98.72083635036562,129,72,29.91715976331361,104,0,Right-censored,3
14,1,Male,71,2,≥65,0,0,0,0,1,1,0,0,0,1,0,1,1,5.8,1.44,6.4,95.0,69.14357267164996,132,57,27.33135086371078,96,0,Right-censored,2
15,0,Female,69,2,≥65,0,0,0,0,1,1,0,0,0,1,0,1,0,5.5,1.46,5.7,53.0,93.3340477078936,148,70,23.398972893922384,100,0,Right-censored,5
16,1,Male,68,2,≥65,1,0,0,0,1,1,0,0,0,0,0,1,1,6.4,2.68,6.6,78.0,88.18452896410716,137,76,22.86585365853659,96,0,Right-censored,5
17,0,Female,51,1,50–64,1,0,0,0,1,0,1,1,0,0,1,1,0,3.2,1.92,6.6,61.0,101.12694164061716,140,80,39.79849394120296,94,0,Right-censored,2
18,1,Male,53,1,50–64,1,0,0,0,1,1,0,0,0,0,0,1,1,7.7,1.3,6.9,77.0,98.50468027177133,143,89,28.239651248022838,100,0,Right-censored,4
19,0,Female,79,2,≥65,1,0,0,0,0,1,0,0,0,1,1,0,0,3.4,1.08,7.7,46.0,91.15322112513113,131,80,19.466666666666665,87,0,Right-censored,2
21,0,Female,65,2,≥65,0,0,0,0,0,1,1,1,0,1,0,0,0,4.1,1.11,6.3,59.0,92.66581633565796,137,76,32.13020745488278,93,0,Right-censored,4
22,0,Female,79,2,≥65,1,0,0,0,1,1,1,1,0,1,1,1,1,5.3,0.76,7.1,57.0,84.9447454476156,146,74,33.27546296296296,81,1,Event,1
23,0,Female,69,2,≥65,1,0,0,0,1,1,1,1,0,1,1,1,0,4.7,1.32,9.6,69.0,77.77608569443268,125,68,33.67419738406659,47,1,Event,3
24,0,Female,31,0,≤49,0,0,0,0,1,0,1,1,0,0,0,0,0,5.0,0.92,6.0,37.0,137.18829282515847,138,95,35.55555555555556,102,0,Right-censored,2
25,0,Female,45,0,≤49,1,0,0,0,1,1,1,1,0,1,0,0,0,5.0,0.79,6.6,51.0,111.8804771726554,143,80,41.06932029009951,88,0,Right-censored,1
26,1,Male,51,1,50–64,0,0,0,1,0,1,0,0,0,0,0,0,0,6.9,0.6,5.4,73.0,102.11284144174363,109,82,24.405083829096814,94,0,Right-censored,5
27,1,Male,66,2,≥65,0,0,1,0,0,1,0,0,0,0,0,0,0,8.2,1.18,5.3,104.0,64.19188146272445,131,81,24.034609838166958,99,0,Right-censored,2
28,1,Male,61,1,50–64,0,0,0,1,1,0,0,0,0,0,0,1,1,5.8,0.67,5.0,66.0,99.21240654136983,160,103,26.43807082198365,97,0,Right-censored,4
29,0,Female,30,0,≤49,0,0,0,0,0,1,1,1,0,0,0,0,0,6.5,0.77,5.7,72.0,97.15808661670087,126,68,42.03124999999999,63,0,Right-censored,5
30,1,Male,72,2,≥65,1,0,0,0,1,0,1,1,0,0,0,0,0,5.2,1.6,7.3,94.0,69.54362555049103,145,85,32.91201288470292,88,1,Event,4
31,0,Female,69,2,≥65,1,0,0,0,1,1,0,0,0,1,1,1,1,3.9,0.55,6.57,59.0,90.09829031325283,128,72,25.116167280884472,100,0,Right-censored,1
33,0,Female,68,2,≥65,0,0,0,0,1,0,1,1,0,0,0,1,1,4.7,1.1399,5.9,45.0,99.19064087741579,150,85,36.16898148148148,95,0,Right-censored,1
34,1,Male,68,2,≥65,1,0,0,0,1,1,0,0,0,1,0,1,1,4.0,1.71,6.5,74.0,90.11333118247101,137,81,25.43934240362812,97,0,Right-censored,1
36,0,Female,63,1,50–64,1,0,0,0,1,1,1,1,0,1,0,1,0,5.6,0.4,6.6,54.0,96.75509058059035,133,72,30.963554230077627,99,0,Right-censored,4
37,0,Female,54,1,50–64,0,0,0,0,0,1,1,1,0,0,0,0,0,5.1,2.88,6.2,76.0,76.89042695409587,121,78,30.07390319962408,93,0,Right-censored,2
38,0,Female,54,1,50–64,0,0,0,0,1,1,0,0,0,1,0,1,1,4.7,0.68,6.3,35.0,118.8747859066195,133,73,29.092702169625245,104,0,Right-censored,4
39,0,Female,56,1,50–64,0,0,0,0,1,1,1,1,0,0,0,0,0,6.6,1.7,6.0,58.0,99.27018277140452,160,80,33.94930751128428,96,0,Right-censored,3
40,0,Female,43,0,≤49,0,0,0,0,0,0,0,0,0,0,0,0,0,6.0,0.88,5.4,62.0,106.25090049470431,124,82,24.97398543184183,102,0,Right-censored,2
41,0,Female,76,2,≥65,1,0,0,0,1,1,0,0,0,1,0,1,1,7.8,1.46,6.8,59.0,85.77511113834457,121,76,27.25716136794854,77,0,Right-censored,3
42,0,Female,54,1,50–64,0,0,0,0,0,0,1,1,0,0,0,0,0,4.9,0.94,5.6,69.0,86.41862555820579,124,86,38.29344432882414,97,0,Right-censored,3
43,0,Female,70,2,≥65,0,0,0,0,1,1,0,0,0,1,0,1,1,4.6,1.06,6.1,59.0,89.46760228106005,111,61,26.346494034400994,93,0,Right-censored,5
44,1,Male,53,1,50–64,1,0,0,0,1,1,0,0,0,1,1,1,1,4.7,1.76,6.4,67.0,104.30084090171006,124,84,27.180899908172638,89,0,Right-censored,3
45,1,Male,59,1,50–64,0,0,0,0,1,1,0,0,0,1,0,1,1,5.4,2.62,5.8,60.0,104.63569922497416,139,76,27.03373015873016,98,0,Right-censored,4
46,0,Female,55,1,50–64,1,0,0,0,0,1,1,1,0,1,1,0,0,6.2,0.78,7.4,55.0,101.73211136844677,111,64,38.097993827160494,66,0,Right-censored,3
47,0,Female,47,0,≤49,0,0,0,0,1,1,0,0,0,1,0,1,1,5.2,3.08,5.9,54.0,108.26444351120614,127,79,25.37777777777778,89,0,Right-censored,1
48,0,Female,58,1,50–64,0,0,0,0,1,1,1,1,0,1,0,1,0,5.8,1.23,5.1,60.0,96.79955637597216,104,68,30.817174515235457,99,0,Right-censored,5
50,0,Female,73,2,≥65,1,0,0,0,1,1,0,0,0,1,1,1,1,6.1,1.72,5.46,54.0,90.19164515262302,113,73,27.205981712535472,105,0,Right-censored,3
51,0,Female,53,1,50–64,0,0,0,0,1,1,1,1,0,1,0,1,1,7.5,1.89,5.8,46.0,109.4187021720962,140,82,38.40719809637121,93,0,Right-censored,4
52,1,Male,60,1,50–64,0,0,1,1,1,1,1,0,1,1,0,1,1,6.1,2.19,5.7,65.0,100.54069977393074,144,80,29.922089653355417,101,0,Right-censored,2
53,1,Male,45,0,≤49,0,0,0,0,1,1,1,1,0,1,0,1,1,6.8,3.38,6.4,123.0,60.73568222024671,133,74,32.690541781450875,85,0,Right-censored,4
54,1,Male,54,1,50–64,0,0,0,0,1,1,1,1,0,1,0,0,0,4.6,1.03,6.0,79.0,96.78968305378827,135,94,32.076124567474054,97,0,Right-censored,1
55,0,Female,50,1,50–64,0,0,0,0,1,1,1,1,0,1,0,1,0,7.3,1.84,6.2,62.0,101.1526718963933,161,89,46.92147531231411,95,0,Right-censored,5
57,0,Female,63,1,50–64,0,0,0,0,1,0,1,1,0,0,0,1,0,5.2,0.18,6.4,61.0,92.95181088673168,141,89,36.79022629459948,95,0,Right-censored,4
58,1,Male,38,0,≤49,1,0,0,0,1,1,1,1,0,1,0,1,1,4.5,3.47,7.2,77.0,109.45059788148139,120,81,30.484429065743946,97,0,Right-censored,4
59,0,Female,58,1,50–64,0,0,0,0,1,1,1,1,0,1,0,1,1,3.7,0.79,6.2,72.0,79.81011035333195,144,75,40.12292243767313,98,0,Right-censored,3
60,0,Female,51,1,50–64,1,0,0,0,0,1,1,1,0,1,1,0,0,4.5,1.19,6.9,48.0,109.4238577450152,129,82,50.988694202963835,65,0,Right-censored,3
61,1,Male,69,2,≥65,0,0,0,1,1,0,0,0,0,0,0,1,0,5.8,1.45,5.6,108.0,60.049837616882925,166,92,18.125235115078144,72,1,Event,4
62,0,Female,42,0,≤49,1,0,0,0,1,0,1,1,0,0,0,0,0,4.0,1.17,7.0,41.0,122.76971949581947,145,80,33.76009754610577,99,0,Right-censored,4
63,0,Female,55,1,50–64,1,0,0,0,1,1,1,1,0,1,0,1,0,5.1,1.1,6.5,57.0,100.54362873295894,106,68,39.29658708540297,100,0,Right-censored,1
64,0,Female,65,2,≥65,1,0,0,0,0,1,0,0,0,1,0,0,0,5.5,0.85,6.6,68.0,81.41686272690603,116,64,27.397260273972606,108,0,Right-censored,3
65,1,Male,59,1,50–64,0,0,1,0,0,0,0,0,0,0,0,0,0,3.7,1.25,5.2,55.0,108.44536113477456,133,80,22.86585365853659,82,0,Right-censored,2
66,1,Male,49,0,≤49,0,0,0,0,1,1,0,0,0,1,0,1,1,4.7,1.27,5.9,66.0,107.93815796187408,137,75,25.43268595587264,103,0,Right-censored,3
67,0,Female,32,0,≤49,0,0,0,0,0,1,1,1,0,0,0,0,0,4.4,4.16,6.1,35.0,138.74146656227254,110,69,42.73101454739687,93,0,Right-censored,1
68,0,Female,49,0,≤49,0,0,0,0,1,0,1,1,0,0,0,1,1,4.3,0.98,5.6,46.0,112.53680090835303,150,92,30.346058663637468,96,0,Right-censored,5
69,1,Male,29,0,≤49,0,0,0,0,1,0,1,1,0,0,0,1,1,3.2,1.08,6.1,74.0,118.51364434050089,143,75,30.42949791328443,86,0,Right-censored,4
70,0,Female,48,0,≤49,0,0,0,0,0,1,1,0,1,0,0,0,0,6.3,1.03,5.7,46.0,113.33011169018431,95,45,29.84867416354297,96,0,Right-censored,1
71,0,Female,49,0,≤49,0,0,0,0,1,1,1,1,0,1,0,1,1,5.4,1.73,5.71,56.0,105.48434998426414,141,90,37.6542220797949,88,0,Right-censored,2
72,1,Male,46,0,≤49,1,0,0,0,1,1,1,1,0,1,1,1,1,3.3,1.77,6.2,69.0,108.2412597247221,137,91,33.69795918367347,67,0,Right-censored,3
73,0,Female,61,1,50–64,1,0,0,0,1,1,0,0,0,1,1,1,1,4.1,1.65,9.6,69.0,82.27200744771237,114,69,28.990138787436084,37,1,Event,4
74,1,Male,46,0,≤49,1,0,0,0,1,1,1,1,0,1,0,0,0,5.0,2.75,6.5,90.0,87.98512359269058,145,85,32.8578418457601,100,0,Right-censored,3
75,1,Male,57,1,50–64,1,1,1,1,1,1,0,0,0,1,1,1,0,3.3,1.64,12.9,85.0,87.26954156798767,142,64,28.081632653061224,87,1,Event,2
76,1,Male,51,1,50–64,0,0,0,0,0,1,1,1,0,1,0,0,0,3.8,0.79,6.2,80.0,97.94874831844157,129,74,30.449826989619382,64,0,Right-censored,5
77,1,Male,43,0,≤49,0,0,0,0,1,1,1,0,1,1,0,1,1,5.7,1.11,6.1,76.0,106.24235341888951,122,72,29.696262561631983,101,0,Right-censored,3
78,1,Male,58,1,50–64,1,0,0,0,1,1,0,0,0,1,1,1,0,3.7,0.72,7.9,66.0,101.32537943329751,124,84,25.95155709342561,104,0,Right-censored,5
79,1,Male,69,2,≥65,0,0,0,1,1,0,0,0,0,0,0,1,1,5.7,1.69,6.1,78.0,87.56723726135841,176,90,27.636054421768712,26,0,Right-censored,1
80,1,Male,65,2,≥65,1,0,0,1,0,0,0,0,0,0,0,0,0,6.2,1.21,6.7,64.0,97.6912274543571,118,75,23.9188302920412,96,0,Right-censored,4
81,1,Male,51,1,50–64,0,0,0,0,1,1,0,0,0,1,0,1,1,4.9,0.73,6.2,100.0,74.78847622804723,115,75,28.90173410404624,100,0,Right-censored,5
82,0,Female,52,1,50–64,1,0,0,0,0,0,1,1,0,0,0,0,0,3.8,0.51,6.5,64.0,95.98554165048364,136,75,31.393819855358316,84,0,Right-censored,3
83,1,Male,56,1,50–64,0,0,0,0,0,1,0,0,0,1,0,0,0,5.3,1.39,6.0,90.0,82.01659466353227,114,70,25.14860539551897,94,0,Right-censored,3
84,0,Female,48,0,≤49,0,0,0,0,1,0,1,1,0,0,0,1,0,5.6,0.89,5.7,40.0,118.66288590395173,133,82,34.829346949744696,94,0,Right-censored,1
85,1,Male,38,0,≤49,0,0,0,1,0,0,0,0,0,0,0,0,0,4.9,1.38,5.9,88.0,95.63456873330706,107,69,22.69498966942149,75,0,Right-censored,2
86,0,Female,76,2,≥65,1,0,0,0,1,1,1,1,0,1,0,1,1,3.9,1.83,7.6,64.0,81.09382468984901,140,92,33.422222222222224,96,1,Event,4
87,0,Female,35,0,≤49,0,0,0,0,0,0,0,0,0,0,0,0,0,4.8,0.41,5.3,45.0,125.06779581140552,105,63,24.023437499999996,103,0,Right-censored,1
88,0,Female,63,1,50–64,0,0,0,0,1,1,0,0,0,1,0,1,1,3.6,0.55,6.0,82.0,65.84430143358652,138,83,27.023975309571306,92,0,Right-censored,3
89,0,Female,54,1,50–64,1,0,0,0,1,0,1,1,0,0,1,1,1,5.4,1.26,8.3,76.0,76.89042695409587,167,95,30.48665738266401,51,1,Event,1
90,0,Female,56,1,50–64,0,0,0,0,0,1,0,0,0,1,0,0,0,4.4,0.97,6.1,48.0,105.64726640219698,125,74,24.690405462752206,84,0,Right-censored,2
91,1,Male,70,2,≥65,1,0,1,1,1,1,0,0,0,1,0,1,1,2.8,0.38,7.2,91.0,73.34818351552624,122,71,28.046874999999993,106,0,Right-censored,3
92,0,Female,58,1,50–64,1,0,0,0,1,1,1,1,0,1,1,1,1,6.9,1.55,11.6,45.0,106.40896312070495,144,82,48.849525200876556,100,0,Right-censored,1
93,1,Male,55,1,50–64,1,0,0,1,1,1,0,0,0,1,1,1,1,3.7,1.98,9.4,82.0,92.43378378101995,119,60,29.151278281759833,86,1,Event,3
94,1,Male,64,1,50–64,1,0,0,0,1,1,1,1,0,1,0,1,1,4.9,0.5799,7.0,99.0,69.09585019159054,149,95,39.34256055363322,99,0,Right-censored,1
95,0,Female,49,0,≤49,1,0,0,0,0,1,1,1,0,1,1,0,0,4.2,3.39,5.86,69.0,89.50784730767249,111,66,41.152263374485585,68,0,Right-censored,1
96,0,Female,66,2,≥65,0,0,0,0,1,1,1,1,0,1,0,1,1,4.4,0.87,5.08,45.0,100.59402816433645,140,67,36.82331654359627,63,1,Event,1
97,0,Female,63,1,50–64,0,0,0,0,0,1,0,0,0,1,0,0,0,4.6,0.54,5.6,39.0,107.68894321607586,127,69,27.734374999999993,76,0,Right-censored,4
98,0,Female,46,0,≤49,0,0,0,0,1,1,1,1,0,1,0,1,0,5.5,0.84,6.0,59.0,105.89704330707876,125,64,31.72542496653008,98,0,Right-censored,4
99,0,Female,44,0,≤49,0,0,0,0,1,0,0,0,0,0,0,1,0,4.0,0.5699,4.91,59.0,107.39531535154822,142,90,26.2509130752374,100,0,Right-censored,2
100,1,Male,76,2,≥65,1,0,0,0,1,1,1,1,0,1,0,1,1,5.5,1.56,7.0,99.0,63.510121989955096,135,84,31.277052203696037,55,1,Event,2
101,0,Female,65,2,≥65,0,0,0,0,0,1,1,1,0,1,0,0,0,6.6,0.53,5.9,51.0,97.21634294481098,100,60,32.62222222222223,85,0,Right-censored,2
102,1,Male,61,1,50–64,1,1,0,1,1,1,1,1,0,1,1,1,1,4.6,3.42,7.5,102.0,68.06589541827175,150,60,32.27720422451643,29,1,Event,3
103,0,Female,46,0,≤49,0,0,0,0,1,1,1,0,1,1,0,1,0,6.8,0.78,6.1,51.0,111.0973138324468,139,85,29.90856267735688,28,0,Right-censored,3
104,0,Female,45,0,≤49,0,0,0,0,0,1,1,1,0,1,0,0,0,5.6,1.04,6.2,50.0,112.61176529224981,129,82,35.349326783912986,95,0,Right-censored,2
105,0,Female,42,0,≤49,0,0,0,0,1,1,0,0,0,1,0,1,1,4.5,0.9,5.7,62.0,106.99989979325713,122,76,23.93606231490121,96,0,Right-censored,1
106,1,Male,72,2,≥65,1,0,0,0,1,1,1,0,1,0,1,1,1,6.3,0.77,7.0,65.0,92.41296097945597,132,62,29.760837606224676,100,0,Right-censored,1
107,1,Male,64,1,50–64,1,0,0,1,1,1,0,0,0,1,1,1,1,3.4,0.5799,5.7,73.0,93.20100419537074,142,80,27.136888855433025,87,0,Right-censored,2
108,0,Female,77,2,≥65,0,0,0,0,1,1,0,0,0,1,0,1,1,5.3,0.5799,5.6,50.0,89.94141552458929,131,64,24.97398543184183,100,0,Right-censored,1
109,1,Male,57,1,50–64,0,0,0,0,1,1,1,1,0,1,0,1,1,6.7,1.0,6.2,79.0,94.77129459420632,132,89,30.73844932906349,77,0,Right-censored,1
110,0,Female,52,1,50–64,0,0,0,0,1,1,1,1,0,1,0,1,0,4.6,2.52,5.9,44.0,111.81336220561195,127,74,34.17488999957281,89,0,Right-censored,4
111,1,Male,44,0,≤49,1,0,0,0,1,1,1,1,0,1,1,1,1,3.8,0.48,11.9,46.0,129.67846121701396,134,83,39.72656249999999,102,0,Right-censored,3
112,0,Female,50,1,50–64,0,0,0,0,1,1,0,0,0,1,0,0,0,4.5,0.7,5.8,66.0,93.78865190438505,144,95,27.012602250324043,100,0,Right-censored,2
113,1,Male,56,1,50–64,0,1,0,1,1,1,0,0,0,1,0,1,1,3.6,0.76,5.7,100.0,72.20727028552253,125,78,28.08825664102192,51,1,Event,1
114,1,Male,55,1,50–64,1,0,0,1,1,1,0,0,0,1,1,1,1,4.3,1.06,6.8,73.0,99.28356320311315,118,75,24.218749999999996,81,0,Right-censored,1
115,1,Male,53,1,50–64,1,0,0,1,1,1,0,0,0,1,1,1,1,5.3,0.76,6.7,45.0,122.83841684979473,151,85,24.329566537358748,73,0,Right-censored,5
116,0,Female,62,1,50–64,0,0,0,0,0,1,1,1,0,1,0,0,0,4.9,1.29,5.8,41.0,106.6783361615918,119,79,30.8641975308642,107,0,Right-censored,3
117,0,Female,55,1,50–64,1,1,0,0,1,1,1,1,0,1,1,1,1,3.0,1.07,6.87,73.0,80.16186563379613,132,66,36.93527318589253,30,1,Event,5
118,0,Female,48,0,≤49,0,0,0,0,0,0,0,0,0,0,0,0,0,5.0,1.2,5.4,31.0,129.0430579780639,129,73,26.037493991347535,89,0,Right-censored,1
119,1,Male,75,2,≥65,0,0,1,0,1,0,0,0,0,0,0,1,0,5.8,1.1599,6.0,80.0,82.75244883910933,152,84,23.84495464852608,91,0,Right-censored,2
120,0,Female,66,2,≥65,0,0,0,0,1,1,0,0,0,1,0,1,1,7.1,1.06,6.4,62.0,90.39935563693393,137,77,26.83518005540166,101,0,Right-censored,5
121,0,Female,68,2,≥65,1,0,0,0,1,1,1,1,0,1,1,1,1,5.8,1.91,7.1,82.0,63.57178953451372,132,69,30.39340379807903,43,1,Event,5
122,0,Female,41,0,≤49,1,0,0,0,1,0,0,0,0,0,1,1,0,6.0,1.18,5.9,45.0,119.90601974388788,113,77,27.531229454306374,93,0,Right-censored,4
123,1,Male,44,0,≤49,1,0,0,0,1,1,1,1,0,1,1,1,1,4.5,1.1299,6.0,95.0,83.58379900151934,134,81,32.457142857142856,102,0,Right-censored,3
125,0,Female,42,0,≤49,0,0,0,0,0,1,1,0,1,1,0,0,0,6.3,0.91,6.2,51.0,114.2632478728418,109,76,29.589907796767097,70,0,Right-censored,2
127,1,Male,68,2,≥65,0,0,1,0,1,1,0,0,0,1,0,0,0,5.3,1.1,5.2,69.0,92.74196745112147,141,68,22.97008547008547,101,0,Right-censored,4
128,0,Female,46,0,≤49,1,0,0,0,1,1,0,0,0,1,0,1,0,5.3,0.62,6.9,65.0,98.25839578861542,130,83,26.65556018325698,103,0,Right-censored,2
129,0,Female,79,2,≥65,0,1,0,0,1,1,0,0,0,1,0,1,1,4.8,0.71,5.9,49.0,89.27807889029029,120,67,24.99887392459799,73,0,Right-censored,1
131,0,Female,70,2,≥65,0,0,0,0,1,0,1,1,0,0,0,1,1,5.8,1.62,5.4,52.0,93.26334980204952,123,81,32.74983563445102,94,0,Right-censored,3
132,1,Male,65,2,≥65,1,0,0,0,0,0,0,0,0,0,1,0,0,3.7,1.34,8.4,101.0,66.97297989299517,117,68,29.387755102040817,94,0,Right-censored,2
134,0,Female,24,0,≤49,0,0,0,0,1,0,1,1,0,0,0,1,1,5.2,0.84,5.7,62.0,121.4218646749693,133,78,38.67187499999999,86,0,Right-censored,2
135,0,Female,71,2,≥65,1,0,0,0,1,1,0,0,0,1,1,1,0,3.7,0.9,6.3,53.0,92.03194440832077,126,78,29.15451895043732,91,0,Right-censored,1
136,0,Female,63,1,50–64,1,0,1,0,1,0,1,1,0,0,1,1,1,4.9,1.47,6.2,73.0,75.78125688645859,140,92,39.955555555555556,95,0,Right-censored,4
137,0,Female,55,1,50–64,1,0,0,0,1,1,1,1,0,1,1,1,1,5.9,2.1,7.2,33.0,120.3500559879874,128,71,33.197714681440445,100,0,Right-censored,4
138,0,Female,58,1,50–64,0,0,0,0,0,0,0,0,0,0,0,0,0,4.2,0.82,5.7,59.0,97.33629617639,113,60,26.53033647133012,76,0,Right-censored,2
139,0,Female,59,1,50–64,0,0,0,0,1,1,1,0,1,1,0,1,0,4.8,2.08,6.2,27.0,125.00163641015645,104,67,29.911710183177806,102,0,Right-censored,1
140,0,Female,42,0,≤49,0,0,0,0,0,1,0,0,0,0,0,0,0,6.4,0.67,5.7,60.0,108.31419866686164,129,66,27.008310249307478,101,0,Right-censored,5
141,1,Male,43,0,≤49,0,0,0,0,1,0,0,0,0,0,0,1,1,3.9,0.85,5.4,73.0,108.01557286655223,132,85,28.202947845804992,88,0,Right-censored,3
142,0,Female,53,1,50–64,1,1,0,0,1,1,1,0,1,0,1,1,1,5.3,2.27,11.5,52.0,105.0929990743395,146,78,29.705644072373747,86,0,Right-censored,4
143,0,Female,56,1,50–64,1,0,0,0,1,0,0,0,0,0,1,1,1,3.6,0.7,5.8,56.0,100.42290271878116,109,60,24.435186668803073,101,0,Right-censored,5
144,0,Female,35,0,≤49,0,0,0,0,1,0,0,0,0,0,0,1,0,5.6,0.98,6.1,52.0,119.25794263870203,137,81,26.478128505047263,99,0,Right-censored,1
145,0,Female,44,0,≤49,0,0,0,0,1,1,1,1,0,1,0,1,0,6.0,1.49,5.9,56.0,109.2551175253455,132,88,56.797436001460504,83,0,Right-censored,5
146,0,Female,55,1,50–64,0,0,0,0,0,0,1,1,0,0,0,0,0,5.6,0.78,5.1,50.0,104.97267186979975,124,75,31.684855369386177,94,0,Right-censored,4
147,0,Female,52,1,50–64,1,0,0,0,1,1,0,0,0,1,0,1,0,4.4,0.49,6.6,65.0,94.20309256268219,123,77,26.0,92,0,Right-censored,3
148,0,Female,23,0,≤49,0,0,0,0,0,0,0,0,0,0,0,0,0,5.0,1.06,5.4,55.0,127.37438677487236,127,89,27.70083102493075,89,0,Right-censored,3
149,1,Male,72,2,≥65,1,0,0,1,1,1,0,0,0,1,1,1,1,5.2,0.9,7.5,77.0,86.19708657773735,123,64,25.017301038062286,88,0,Right-censored,2
150,1,Male,57,1,50–64,0,0,0,0,1,1,0,0,0,1,0,1,0,3.5,1.0,4.9,70.0,99.60158584978524,147,96,26.73507966513637,99,0,Right-censored,4
151,1,Male,69,2,≥65,1,1,0,0,1,1,1,1,0,1,1,1,1,2.9,0.78,8.1,98.0,67.53498880663032,130,66,36.76555688437946,98,0,Right-censored,2
152,0,Female,57,1,50–64,0,0,0,0,0,1,1,1,0,1,0,0,0,4.3,1.52,5.6,59.0,98.02245334983887,130,79,31.13092516384697,105,0,Right-censored,4
153,0,Female,52,1,50–64,0,0,0,0,1,0,1,1,0,0,0,1,0,3.8,1.24,5.8,70.0,86.12988714057288,136,88,37.412021528849415,93,0,Right-censored,2
154,0,Female,43,0,≤49,0,0,0,0,1,1,0,0,0,1,0,1,1,5.8,0.5699,5.7,53.0,112.03652753693663,144,88,26.437847866419297,100,0,Right-censored,1
155,0,Female,58,1,50–64,0,0,0,0,1,1,1,1,0,1,0,1,1,3.9,1.02,5.91,47.0,104.89745053984863,146,82,49.12569252077562,99,0,Right-censored,1
156,1,Male,62,1,50–64,1,1,0,0,1,1,1,1,0,1,1,1,1,5.1,0.74,7.7,74.0,93.99257625503277,162,98,31.20917404557991,101,0,Right-censored,5
157,0,Female,26,0,≤49,0,0,0,0,0,0,0,0,0,0,0,0,0,5.0,0.59,5.4,42.0,136.2887975838442,106,67,24.3046178773967,76,0,Right-censored,5
158,0,Female,64,1,50–64,1,0,0,0,1,1,1,1,0,1,1,1,1,6.3,1.25,7.1,74.0,74.02309530089876,156,80,32.722457174590964,105,0,Right-censored,1
159,0,Female,46,0,≤49,1,0,0,0,1,1,1,1,0,1,0,1,1,5.5,0.91,6.7,64.0,100.11757666238252,166,87,35.215318869165024,98,0,Right-censored,5
160,1,Male,44,0,≤49,0,0,0,1,1,1,1,1,0,1,0,1,0,5.3,0.76,5.3,91.0,88.04585233397673,121,82,36.93444136657433,90,0,Right-censored,5
161,0,Female,41,0,≤49,0,0,0,0,1,0,1,1,0,0,0,1,0,5.8,0.34,5.6,59.0,109.68256346867987,162,99,37.49851667259997,81,0,Right-censored,1
162,1,Male,33,0,≤49,0,0,0,0,1,1,0,0,0,1,0,1,1,5.4,1.8,6.3,103.0,81.88945999149666,128,70,24.691358024691358,73,0,Right-censored,2
163,1,Male,53,1,50–64,0,0,0,0,0,1,1,1,0,1,0,0,0,3.2,2.0499,5.9,75.0,99.57593074675216,118,65,32.74416118146279,106,0,Right-censored,3
164,1,Male,42,0,≤49,1,0,0,0,1,1,1,1,0,1,0,1,1,6.3,1.04,6.6,105.0,75.10581891117512,116,71,32.74492829989838,97,0,Right-censored,3
165,0,Female,44,0,≤49,0,0,0,0,0,0,1,1,0,0,0,0,0,5.6,0.98,5.9,57.0,108.62075618720986,100,65,35.37981269510926,94,0,Right-censored,1
166,0,Female,65,2,≥65,1,0,0,0,1,0,0,0,0,0,1,1,1,4.9,1.55,8.4,49.0,98.504338186733,122,75,27.333333333333332,90,0,Right-censored,5
167,1,Male,56,1,50–64,1,1,0,0,1,1,0,0,0,1,1,1,1,4.4,2.91,10.9,88.0,84.27550753422659,126,72,22.695622718205428,66,1,Event,5
168,0,Female,38,0,≤49,1,0,0,0,0,1,0,0,0,1,1,0,0,3.6,1.3,5.0,48.0,119.88691680229381,113,79,27.390918560240728,91,0,Right-censored,2
169,0,Female,61,1,50–64,0,0,0,0,1,0,1,1,0,0,0,1,0,5.7,1.45,6.1,66.0,86.81445174425679,114,53,33.10420300263329,94,0,Right-censored,4
170,1,Male,34,0,≤49,0,0,0,1,1,1,1,0,1,1,0,0,0,6.7,2.37,6.1,72.0,115.71913437821539,156,82,29.953605693437233,92,0,Right-censored,2
171,0,Female,62,1,50–64,0,0,0,0,1,0,1,1,0,0,0,1,0,4.4,0.84,5.1,56.0,96.27826634359381,135,77,31.682825484764543,99,0,Right-censored,1
172,1,Male,66,2,≥65,0,0,0,1,0,0,1,1,0,0,0,0,0,5.8,0.5,6.0,61.0,98.94052762123883,120,79,33.861224489795916,63,0,Right-censored,1
173,0,Female,54,1,50–64,1,0,0,0,1,1,1,1,0,1,1,1,1,5.0,0.96,6.2,68.0,87.95744998696082,158,82,37.69144708923267,71,1,Event,2
174,0,Female,47,0,≤49,0,0,0,0,0,1,1,1,0,1,0,0,0,3.6,0.77,5.7,59.0,105.1557640039292,122,79,38.46322529713609,101,0,Right-censored,5
175,0,Female,54,1,50–64,0,0,0,0,1,1,1,1,0,1,0,1,1,4.9,1.43,6.1,59.0,100.11008325368655,139,76,31.15555555555555,99,0,Right-censored,5
176,0,Female,41,0,≤49,0,0,0,0,0,1,1,1,0,1,0,0,0,4.3,0.67,5.4,48.0,117.3868738050031,129,75,38.89601025476686,37,0,Right-censored,1
177,0,Female,74,2,≥65,1,1,0,0,1,1,0,0,0,1,0,1,0,3.7,1.1299,6.9,59.0,86.98869035752237,149,75,25.838127355683397,92,0,Right-censored,5
178,0,Female,47,0,≤49,0,0,0,0,1,1,1,1,0,1,0,1,0,4.4,0.39,5.6,49.0,111.78123011626063,133,80,30.655432933823818,104,0,Right-censored,1
179,1,Male,26,0,≤49,0,0,0,0,1,1,0,0,0,1,0,1,1,3.5,0.47,6.0,94.0,96.07090845057975,118,78,24.117647058823533,93,0,Right-censored,3
180,0,Female,62,1,50–64,0,0,0,0,1,0,1,1,0,0,0,1,1,5.0,0.6,5.8,81.0,67.29944855147134,135,87,31.37984764542936,95,0,Right-censored,2
181,0,Female,46,0,≤49,1,0,0,0,1,0,0,0,0,0,1,1,1,4.9,1.12,9.3,52.0,110.38982537974701,135,75,28.040141676505314,70,0,Right-censored,1
184,1,Male,72,2,≥65,0,1,0,0,1,1,1,1,0,1,0,1,1,3.8,0.86,4.3,57.0,97.53841847159032,114,65,30.11995506751179,92,0,Right-censored,1
185,0,Female,66,2,≥65,1,1,0,0,1,1,0,0,0,1,1,1,1,2.9,0.89,8.5,38.0,106.34824148095,145,82,26.564344746162927,42,1,Event,3
186,0,Female,44,0,≤49,0,0,0,1,1,0,1,1,0,0,0,1,1,5.8,1.68,5.5,42.0,120.10100259497204,165,99,30.5098855359001,96,0,Right-censored,4
187,0,Female,60,1,50–64,1,0,0,0,1,1,0,0,0,1,1,1,0,6.4,1.48,6.6,55.0,98.22098848356384,118,71,29.309715120525933,108,0,Right-censored,5
188,0,Female,49,0,≤49,0,0,0,0,1,1,1,1,0,0,0,1,1,9.3,1.88,5.5,58.0,104.27353142524055,144,94,37.16216216216217,96,0,Right-censored,3
189,0,Female,41,0,≤49,0,0,0,0,1,0,1,1,0,0,0,1,0,5.2,0.55,5.8,59.0,109.68256346867987,133,80,34.80874965389027,98,0,Right-censored,1
190,1,Male,52,1,50–64,0,0,0,0,1,1,0,0,0,1,0,1,1,3.1,0.79,5.2,75.0,100.27787587789744,123,78,27.390918560240728,100,0,Right-censored,4
191,1,Male,61,1,50–64,0,0,0,0,1,1,1,1,0,1,0,1,0,3.6,0.82,5.9,93.0,76.10817094476883,150,90,31.640624999999993,102,0,Right-censored,3
192,0,Female,61,1,50–64,1,0,0,0,1,1,1,1,0,1,0,1,1,5.0,0.93,7.1,53.0,98.72931248195513,142,75,30.718002081165448,87,0,Right-censored,1
193,1,Male,60,1,50–64,0,1,0,0,0,0,0,0,0,0,0,0,0,4.5,0.5699,6.2,87.0,83.08050828126066,126,80,26.57778167624227,91,0,Right-censored,4
194,0,Female,34,0,≤49,0,0,0,0,0,0,0,0,0,0,0,0,0,4.4,0.54,5.3,45.0,125.9494419047387,121,68,27.200000000000003,108,0,Right-censored,4
195,0,Female,48,0,≤49,0,0,0,0,1,1,1,1,0,0,0,1,1,6.4,1.09,6.2,59.0,104.4196736559017,155,90,32.718619869125526,88,0,Right-censored,4
196,0,Female,43,0,≤49,0,0,0,0,0,1,0,0,0,1,0,0,0,5.7,1.52,4.88,46.0,117.381343049644,127,83,29.304968174633686,67,0,Right-censored,4
197,0,Female,51,1,50–64,0,0,0,0,1,1,1,1,0,1,0,1,1,5.2,2.0499,6.0,62.0,100.44460319311854,156,81,41.00920447074293,104,0,Right-censored,1
198,0,Female,42,0,≤49,0,0,0,0,0,0,0,0,0,0,0,0,0,3.9,1.45,5.9,50.0,115.010110576571,115,73,28.238378684807262,97,0,Right-censored,2
199,1,Male,55,1,50–64,0,0,0,0,1,1,1,1,0,1,0,1,1,5.2,0.67,6.0,68.0,102.22141482036359,140,81,33.38068181818182,103,0,Right-censored,5
200,0,Female,43,0,≤49,0,0,0,0,0,0,1,0,1,0,0,0,0,4.8,0.6,5.2,37.0,126.09795217455637,122,76,29.9306868304978,98,0,Right-censored,4
201,0,Female,35,0,≤49,0,1,0,0,1,1,0,0,0,1,0,1,1,6.3,0.4,6.0,54.0,117.78632343218247,99,55,27.630367089162757,75,0,Right-censored,5
202,1,Male,46,0,≤49,0,0,0,1,1,0,0,0,0,0,0,1,1,4.8,1.64,4.6,67.0,109.55774138633231,136,94,26.448979591836736,92,0,Right-censored,5
203,0,Female,47,0,≤49,0,0,0,0,1,0,1,1,0,0,0,1,1,5.3,1.45,6.4,71.0,87.69196915808676,123,83,32.367578411326726,39,0,Right-censored,1
204,0,Female,52,1,50–64,0,0,0,0,0,1,0,0,0,0,0,0,0,6.5,1.97,6.0,40.0,115.37504946652696,106,57,28.739612188365655,95,0,Right-censored,5
205,1,Male,42,0,≤49,0,1,0,1,1,1,1,1,0,1,0,1,1,4.0,1.6,6.2,80.0,104.34115842737712,111,84,30.753968253968257,102,0,Right-censored,1
206,0,Female,63,1,50–64,0,0,0,0,1,1,0,0,0,1,0,1,1,5.3,3.06,5.0,57.0,95.0492169445815,131,71,29.43734985351719,48,0,Right-censored,2
208,0,Female,52,1,50–64,0,0,0,0,1,1,0,0,0,1,0,1,1,3.6,1.52,3.9,60.0,100.96663351284201,121,71,29.074955383700186,95,0,Right-censored,4
209,1,Male,64,1,50–64,1,0,0,1,1,0,1,1,0,0,0,1,1,4.2,1.23,7.6,63.0,99.01872305559512,152,90,51.79063360881543,80,1,Event,5
210,0,Female,45,0,≤49,1,0,0,0,1,1,1,1,0,1,0,1,1,6.1,1.44,6.9,41.0,120.20956042515935,144,87,42.4178553953856,103,0,Right-censored,2
211,0,Female,62,1,50–64,1,0,0,0,0,1,0,0,0,1,0,0,0,6.7,0.75,6.5,49.0,100.60223101668925,129,77,27.666666666666668,92,0,Right-censored,2
212,0,Female,50,1,50–64,0,0,0,0,0,0,1,1,0,0,0,0,0,4.9,1.37,5.8,54.0,106.00676793596284,126,86,31.919379321976727,86,0,Right-censored,2
213,0,Female,31,0,≤49,1,0,0,0,1,0,0,0,0,0,1,1,0,4.5,0.77,4.56,35.0,139.71950308385956,117,69,25.955555555555556,105,0,Right-censored,2
214,0,Female,62,1,50–64,0,0,0,0,1,1,1,0,1,1,0,1,1,5.1,1.01,5.8,63.0,91.19418978223763,122,68,29.536896669763806,99,0,Right-censored,1
215,0,Female,45,0,≤49,0,0,0,0,1,1,1,1,0,1,0,1,0,7.3,0.65,6.0,43.0,118.34060249639725,122,66,37.66909469302809,107,0,Right-censored,1
216,0,Female,47,0,≤49,0,0,0,0,0,0,0,0,0,0,0,0,0,6.1,1.1599,5.0,60.0,104.5759054516583,114,77,29.242108636436463,85,0,Right-censored,3
218,0,Female,78,2,≥65,1,0,0,0,1,1,1,1,0,1,0,1,0,5.7,1.25,6.86,66.0,77.04230207732945,136,61,30.000000000000004,33,0,Right-censored,2
219,0,Female,59,1,50–64,1,0,0,0,1,1,1,1,0,1,1,1,1,5.3,2.08,7.7,48.0,103.44416771889958,165,98,31.596003240615715,88,0,Right-censored,3
220,0,Female,51,1,50–64,1,0,0,0,1,0,1,1,0,0,1,1,1,4.4,0.5,8.37,51.0,107.26296580015864,174,92,44.95317377731529,64,1,Event,2
221,0,Female,74,2,≥65,1,0,0,0,1,1,0,0,0,1,0,1,0,4.7,0.99,6.54,54.0,89.56030363655465,146,78,26.897670187097027,57,0,Right-censored,5
222,1,Male,53,1,50–64,0,0,0,0,1,0,0,0,0,0,0,1,1,4.2,0.82,5.2,111.0,65.00364359215328,141,92,26.748971193415635,94,0,Right-censored,5
224,0,Female,45,0,≤49,1,0,0,0,0,1,1,1,0,1,0,0,0,5.7,1.1599,6.8,47.0,114.92769661757293,129,81,31.431788328016516,101,0,Right-censored,2
225,0,Female,46,0,≤49,0,0,0,0,0,0,1,1,0,0,0,0,0,5.5,0.81,5.6,52.0,110.38982537974701,120,70,35.86132760010751,93,0,Right-censored,4
226,1,Male,75,2,≥65,0,0,0,1,1,1,0,0,0,1,0,1,0,5.0,1.17,5.1,69.0,88.29193692411897,171,107,25.125385802469136,33,0,Right-censored,4
227,0,Female,49,0,≤49,1,0,0,0,1,1,0,0,0,1,1,1,1,6.7,1.75,5.9,43.0,115.06169568446121,142,80,28.503963568898634,89,0,Right-censored,1
228,0,Female,44,0,≤49,0,0,0,0,1,0,0,0,0,0,0,0,0,4.1,0.39,5.3,66.0,97.82611407549906,146,81,23.476562499999996,99,0,Right-censored,5
229,1,Male,56,1,50–64,1,0,0,0,1,0,1,1,0,0,1,1,1,4.7,1.52,7.3,86.0,86.65074474540269,133,84,31.711739516222366,15,1,Event,2
230,0,Female,24,0,≤49,0,0,0,0,0,0,0,0,0,0,0,0,0,4.8,0.79,5.5,47.0,133.1957857702681,134,74,26.346494034400994,73,0,Right-censored,5
231,1,Male,48,0,≤49,0,0,0,0,1,1,0,0,0,1,0,1,1,3.4,1.57,,91.0,85.60633336170025,180,100,27.97942179017801,41,0,Right-censored,2
232,0,Female,31,0,≤49,0,0,0,0,1,0,1,0,1,0,0,0,0,5.6,0.79,5.4,49.0,125.07799435581074,100,95,29.744199881023206,101,0,Right-censored,1
233,0,Female,59,1,50–64,1,0,0,0,0,1,0,0,0,1,0,0,0,6.4,0.56,6.5,53.0,100.1261727175375,100,58,24.577777777777776,100,0,Right-censored,4
234,1,Male,40,0,≤49,0,0,0,0,0,1,1,1,0,0,0,0,0,4.6,2.8,5.7,53.0,125.83079512068146,132,78,34.14901387874361,89,0,Right-censored,3
237,1,Male,38,0,≤49,0,0,0,0,0,0,0,0,0,0,0,0,0,4.8,0.98,4.2,70.0,113.82313205964529,122,69,21.936347412254616,101,0,Right-censored,2
238,0,Female,74,2,≥65,0,0,0,0,0,1,0,0,0,0,0,0,0,7.5,1.87,6.2,41.0,98.0544290941038,128,68,24.341758286340216,94,0,Right-censored,3
243,1,Male,64,1,50–64,1,0,0,0,1,1,0,0,0,1,1,1,1,4.7,0.6,11.7,78.0,90.69751863462902,118,69,23.140495867768596,100,0,Right-censored,5
245,0,Female,76,2,≥65,1,1,0,0,1,1,0,0,0,1,1,1,1,3.3,0.41,5.9,66.0,78.13232615958178,150,80,22.600262984878366,94,0,Right-censored,3
246,0,Female,55,1,50–64,1,0,0,0,1,1,1,1,0,1,1,1,1,5.5,1.84,6.8,59.0,99.40931267091075,103,66,31.66438042981252,77,1,Event,5
247,1,Male,33,0,≤49,1,0,0,0,1,0,0,0,0,0,1,1,0,4.43,0.85,5.4,81.9,108.04084561525663,135,88,24.538964901844146,47,0,Right-censored,2
248,0,Female,52,1,50–64,1,0,0,0,1,1,1,1,0,1,1,1,1,5.9,2.96,13.0,44.0,111.81336220561195,148,94,42.365463394138864,98,0,Right-censored,3
249,0,Female,64,1,50–64,1,0,0,0,0,1,0,0,0,1,1,0,0,5.9,1.35,10.2,38.0,107.85289725049161,116,68,21.015624999999996,93,0,Right-censored,5
252,1,Male,71,2,≥65,1,1,0,0,1,1,0,0,0,1,1,1,1,4.9,1.02,7.5,88.0,75.84729626958787,150,73,25.847768218818715,8,1,Event,4
253,0,Female,57,1,50–64,1,0,0,0,1,0,1,1,0,0,1,1,1,4.3,1.34,6.73,58.0,98.57529149200468,128,73,44.58488939959781,97,0,Right-censored,4
254,0,Female,30,0,≤49,0,0,0,0,0,0,1,1,0,0,0,0,0,4.5,0.8,5.5,49.0,125.95971234220619,128,72,33.91251333638164,66,0,Right-censored,5
255,1,Male,50,1,50–64,0,0,0,0,1,1,1,1,0,0,0,0,0,5.1,4.24,5.81,61.0,110.70984585246602,145,92,34.256055363321806,99,0,Right-censored,2
257,1,Male,50,1,50–64,0,0,0,0,1,0,0,0,0,0,0,1,1,4.8,0.74,5.1,68.0,105.87554164643345,121,68,21.601268331351566,90,0,Right-censored,1
258,0,Female,53,1,50–64,1,0,0,0,1,1,0,0,0,1,1,1,0,5.0,0.59,6.08,53.0,104.4364557472756,129,72,26.93572361605333,92,0,Right-censored,3
260,1,Male,54,1,50–64,0,0,0,0,1,0,0,0,0,0,0,0,0,5.7,1.11,6.1,66.0,104.21284319671145,150,88,27.776706145596233,83,0,Right-censored,4
261,1,Male,30,0,≤49,0,0,0,0,1,1,0,0,0,1,0,1,1,5.0,2.31,6.3,85.0,105.4952693291218,123,82,27.343749999999996,87,0,Right-censored,1
263,1,Male,74,2,≥65,1,0,1,0,1,1,0,0,0,1,1,1,1,3.0,1.04,6.1,6.0,242.61553632043186,120,80,26.709401709401707,88,0,Right-censored,1
265,1,Male,80,2,≥65,0,0,0,1,0,0,1,1,0,0,0,0,0,5.5,0.53,5.8,76.0,81.92564640226448,105,62,35.37957770333848,107,0,Right-censored,5
266,1,Male,63,1,50–64,1,0,0,0,1,1,0,0,0,1,1,1,1,4.5,1.87,7.59,71.0,94.9357656682486,122,67,28.384802161348794,105,0,Right-censored,2
267,0,Female,29,0,≤49,0,0,0,0,0,0,0,0,0,0,0,0,0,5.7,1.11,5.5,49.0,126.84764586324893,100,73,24.654832347140037,95,0,Right-censored,2
268,0,Female,72,2,≥65,0,0,0,0,1,1,0,0,0,0,0,1,0,4.6,2.62,6.4,48.0,94.41613976686894,140,80,27.586206896551722,59,0,Right-censored,5
269,1,Male,73,2,≥65,1,1,0,0,1,1,1,1,0,1,1,1,1,3.5,1.09,8.0,95.0,68.17895068930778,133,75,30.35925113847192,7,1,Event,2
270,1,Male,32,0,≤49,0,0,0,0,1,0,1,1,0,0,0,1,1,4.8,1.96,5.1,76.0,114.77728537249067,131,85,30.470521541950117,89,0,Right-censored,3
271,0,Female,31,0,≤49,0,0,0,0,0,0,0,0,0,0,0,0,0,2.9,1.32,5.9,43.0,130.5702684737614,123,71,24.422897480628016,86,0,Right-censored,2
272,0,Female,69,2,≥65,0,0,1,0,0,0,1,1,0,0,0,0,0,5.8,1.54,6.0,77.0,68.1157191573481,124,53,30.4037814452812,93,0,Right-censored,2
273,1,Male,79,2,≥65,1,0,0,0,1,1,0,0,0,1,1,1,1,4.3,1.0,6.5,99.0,62.18572363212672,122,65,28.344671201814062,3,1,Event,1
274,0,Female,54,1,50–64,1,0,0,0,1,1,1,1,0,1,0,1,0,4.6,1.1599,6.5,65.0,92.8888652183402,142,86,32.06744702472807,85,0,Right-censored,4
275,1,Male,49,0,≤49,0,0,0,0,1,0,0,0,0,0,0,1,1,5.1,2.12,6.3,88.0,88.5231047018847,123,77,25.3069320474676,99,0,Right-censored,5
276,0,Female,63,1,50–64,0,0,0,0,0,0,0,0,0,0,0,0,0,5.7,0.97,5.9,41.0,105.93158780846066,132,73,28.827530291428314,46,0,Right-censored,5
277,0,Female,57,1,50–64,1,0,0,0,1,1,1,1,0,0,1,0,0,5.2,2.5099,9.6,77.0,74.10651057059802,142,84,33.26706965799829,49,1,Event,1
278,0,Female,64,1,50–64,1,0,0,0,1,1,0,0,0,1,1,1,1,3.5,0.52,8.5,63.0,89.92193964058562,139,79,21.227887617065555,73,0,Right-censored,5
280,1,Male,58,1,50–64,0,0,0,0,0,1,0,0,0,1,0,0,0,5.1,0.6,,71.0,98.3294511175398,124,65,23.836734693877553,83,1,Event,3
283,1,Male,55,1,50–64,1,0,0,1,0,1,0,0,0,1,1,0,0,6.5,1.41,8.2,74.0,98.72992655244417,120,72,28.373702422145332,89,0,Right-censored,3
285,0,Female,26,0,≤49,0,0,0,0,0,0,0,0,0,0,0,0,0,5.1,0.5699,5.4,61.0,120.54124168474019,107,77,21.936347412254616,33,0,Right-censored,4
286,0,Female,49,0,≤49,0,0,0,0,0,0,1,1,0,0,0,0,0,5.9,0.71,5.8,72.0,85.0187420610007,122,79,31.622023809523814,78,0,Right-censored,5
288,0,Female,45,0,≤49,1,0,0,0,1,1,1,1,0,1,1,1,1,5.5,2.65,5.57,58.0,107.24500851377977,133,85,32.87053518452592,8,0,Right-censored,1
289,1,Male,70,2,≥65,0,1,0,0,0,1,0,0,0,1,0,0,0,5.9,1.39,5.0,71.0,90.38047029400806,120,67,22.49134948096886,94,0,Right-censored,2
290,0,Female,63,1,50–64,1,0,0,0,1,1,1,0,1,1,1,1,1,3.7,1.05,8.3,63.0,90.55583045376196,162,89,29.570312499999996,100,0,Right-censored,3
292,0,Female,46,0,≤49,0,0,0,0,0,0,0,0,0,0,0,0,0,3.8,0.81,6.43,63.0,102.04205431450322,110,75,26.92477450501352,101,0,Right-censored,5
293,1,Male,77,2,≥65,1,0,0,1,1,1,0,0,0,1,1,1,1,5.9,3.21,6.2,81.0,80.38162059512871,136,81,23.59861591695502,93,0,Right-censored,2
294,1,Male,45,0,≤49,1,0,0,0,1,0,1,1,0,0,1,1,0,5.9,1.1299,9.3,69.0,109.00428975299306,155,102,30.693877551020407,102,0,Right-censored,1
295,0,Female,64,1,50–64,1,0,0,0,1,1,1,1,0,1,0,1,1,5.9,0.91,6.55,43.0,103.55462431734593,147,79,32.936050237088295,102,0,Right-censored,1
296,1,Male,65,2,≥65,1,1,0,0,1,1,0,0,0,1,1,1,1,2.96,0.97,6.2,85.0,82.50051936339855,120,76,27.43484224965706,107,0,Right-censored,3
298,1,Male,68,2,≥65,1,0,0,0,1,1,1,1,0,1,1,1,1,3.5,0.5,9.5,79.0,87.72402432734825,133,85,34.889853543754306,54,0,Right-censored,2
300,1,Male,56,1,50–64,0,0,0,0,1,0,0,0,0,0,0,1,1,5.1,0.46,6.4,107.0,66.53588534083121,177,96,27.630367089162757,53,0,Right-censored,5
301,0,Female,68,2,≥65,0,0,1,0,1,1,0,0,0,1,0,1,0,2.56,0.73,5.6,50.0,95.81124463095172,118,65,24.456063417102378,101,0,Right-censored,5
302,0,Female,48,0,≤49,0,0,0,0,1,0,1,0,1,0,0,1,1,5.1,2.0099,5.9,69.0,90.1388190409592,137,82,29.508326411138796,90,0,Right-censored,3
303,0,Female,61,1,50–64,1,0,0,0,1,1,1,1,0,1,1,1,0,4.8,1.66,10.3,50.0,100.6402582225809,127,69,41.68109418282548,101,0,Right-censored,2
304,1,Male,77,2,≥65,1,1,0,0,1,1,0,0,0,1,1,1,1,6.0,2.44,9.1,76.0,83.67045510146136,154,72,29.340039628105465,96,0,Right-censored,5
305,0,Female,53,1,50–64,1,0,0,0,0,1,1,1,0,1,1,0,0,6.5,4.3099,7.4,73.0,81.29602649949052,112,62,32.02036958450677,103,0,Right-censored,1
308,0,Female,51,1,50–64,0,0,0,0,0,1,1,1,0,0,0,0,0,6.7,1.21,5.9,46.0,110.96679999888057,123,69,36.160420775805385,100,0,Right-censored,3
309,0,Female,68,2,≥65,1,0,0,0,0,1,1,1,0,1,0,0,0,3.4,1.38,6.7,31.0,112.12943040708375,122,78,44.08888888888889,90,0,Right-censored,5
310,1,Male,73,2,≥65,1,1,0,0,1,0,0,0,0,0,1,1,1,4.1,1.36,5.8,74.0,87.00321211493397,129,75,25.826446280991735,103,0,Right-censored,1
311,0,Female,31,0,≤49,0,0,0,0,0,1,1,1,0,0,0,0,0,4.5,3.75,6.2,55.0,120.41375345526163,120,70,46.64830119375574,88,0,Right-censored,4
312,0,Female,31,0,≤49,0,0,0,0,0,0,1,1,0,0,0,0,0,4.2,0.83,5.2,29.0,148.63684478044755,132,78,30.341066481994456,82,0,Right-censored,5
314,0,Female,58,1,50–64,1,0,0,0,1,1,1,1,0,0,1,1,1,5.7,3.14,6.8,48.0,104.17338138861992,136,83,33.25488985764438,104,0,Right-censored,4
315,0,Female,50,1,50–64,1,0,0,0,1,1,1,1,0,1,1,0,0,7.0,0.63,9.5,45.0,112.56003600855742,142,83,31.93113980285992,98,0,Right-censored,3
316,1,Male,73,2,≥65,1,0,0,0,0,1,0,0,0,0,0,0,0,5.1,3.18,7.0,61.0,94.19307206931416,130,65,28.515624999999993,100,0,Right-censored,5
317,1,Male,71,2,≥65,1,0,0,0,1,1,0,0,0,1,1,1,1,4.3,0.82,6.9,71.0,89.74780700195,131,74,29.046570270356536,100,0,Right-censored,2
319,0,Female,37,0,≤49,0,0,0,0,0,0,0,0,0,0,0,0,0,5.0,0.63,5.5,68.0,99.11409175930973,126,89,25.390624999999996,94,0,Right-censored,2
320,1,Male,60,1,50–64,1,1,0,1,1,1,1,1,0,1,1,1,1,3.9,1.81,8.5,109.0,63.26001422868241,121,58,33.8487421887518,10,1,Event,5
321,1,Male,63,1,50–64,1,0,0,0,1,1,1,1,0,1,1,1,1,4.5,0.87,8.84,52.0,107.89955770907808,137,70,30.040816326530614,17,0,Right-censored,5
323,0,Female,52,1,50–64,1,0,0,0,0,1,0,0,0,1,1,0,0,5.9,1.66,8.3,47.0,109.41312999361358,130,76,25.46938775510204,98,0,Right-censored,2
324,0,Female,74,2,≥65,0,1,1,0,1,1,0,0,0,1,0,1,1,4.2,1.3,6.0,65.0,80.71395479378215,153,82,26.753212578395683,65,0,Right-censored,3
325,0,Female,60,1,50–64,1,0,0,0,1,0,1,1,0,0,1,1,1,5.0,1.41,6.9,52.0,100.05032996877483,110,70,33.20312499999999,84,0,Right-censored,2
326,1,Male,59,1,50–64,0,0,0,1,0,1,0,0,0,1,0,0,0,6.4,1.25,,47.0,115.68254250607939,128,74,18.507766003774133,66,0,Right-censored,4
328,0,Female,75,2,≥65,1,0,0,0,1,1,0,0,0,1,0,1,0,5.6,1.0,7.0,62.0,84.86108326652509,145,79,20.964360587002094,105,0,Right-censored,4
329,0,Female,54,1,50–64,0,0,0,0,1,1,1,1,0,1,0,1,1,6.4,1.84,6.0,69.0,86.41862555820579,144,83,31.88775510204082,50,0,Right-censored,5
330,0,Female,62,1,50–64,0,0,0,0,1,0,0,0,0,0,0,1,0,5.4,0.83,5.8,60.0,94.11749529044387,135,76,23.9188302920412,92,0,Right-censored,5
332,0,Female,55,1,50–64,1,0,0,0,1,1,1,1,0,1,0,1,1,6.2,1.68,9.5,62.0,97.6615474482219,167,96,31.63371488033298,88,0,Right-censored,5
333,0,Female,69,2,≥65,1,0,0,0,1,1,1,1,0,1,0,1,1,6.8,1.94,6.9,57.0,91.12636238335888,126,66,33.310844999156686,101,0,Right-censored,2
334,1,Male,64,1,50–64,0,0,0,0,0,1,0,0,0,0,0,0,0,6.7,1.78,5.9,83.0,85.50854203909998,133,74,28.040378144528116,95,0,Right-censored,5
335,1,Male,44,0,≤49,0,0,0,0,1,0,0,0,0,0,0,0,0,5.2,0.86,5.81,71.0,108.49110584582021,140,90,22.03856749311295,99,0,Right-censored,2
336,0,Female,58,1,50–64,0,1,0,1,1,1,1,1,0,1,0,1,0,4.7,2.0099,5.3,68.0,85.52038041118652,134,71,35.55555555555556,104,0,Right-censored,3
337,1,Male,62,1,50–64,1,0,0,0,1,1,0,0,0,1,1,1,1,4.5,1.19,9.0,85.0,84.25757140015294,114,59,24.508945765204302,49,1,Event,5
338,0,Female,65,2,≥65,0,0,1,0,1,0,1,1,0,0,0,1,1,5.0,0.92,6.1,40.0,105.30576093610732,123,61,30.7478674866098,82,0,Right-censored,1
340,0,Female,48,0,≤49,0,0,0,0,0,0,0,0,0,0,0,0,0,3.7,0.38,5.5,51.0,109.54739520717033,100,64,25.437480812245077,93,0,Right-censored,3
341,1,Male,64,1,50–64,1,0,0,0,1,1,0,0,0,1,1,1,1,4.6,1.66,7.5,54.0,105.49513978180329,110,62,25.236340330075304,95,0,Right-censored,2
343,0,Female,54,1,50–64,1,0,0,0,1,1,1,1,0,1,1,1,1,5.7,3.48,9.1,77.0,75.68479148736758,107,62,33.78378378378378,88,1,Event,5
344,0,Female,34,0,≤49,1,0,0,0,1,0,1,1,0,0,1,1,1,5.0,0.67,9.4,43.0,127.84744187967596,135,78,43.5568704799474,96,0,Right-censored,1
345,0,Female,74,2,≥65,1,0,0,0,1,1,0,0,0,1,1,1,0,4.3,1.27,11.6,53.0,90.11277070461712,118,80,28.435283042672335,105,0,Right-censored,3
346,1,Male,64,1,50–64,1,0,0,0,1,1,1,1,0,1,1,1,1,5.0,2.16,10.4,92.0,75.50147428486682,128,70,33.20305496790849,105,0,Right-censored,3
347,1,Male,46,0,≤49,0,0,0,0,1,0,1,1,0,0,0,1,1,6.1,2.18,5.4,83.0,97.03379760248905,134,92,33.59374999999999,104,0,Right-censored,5
349,0,Female,71,2,≥65,1,0,0,0,1,1,0,0,0,1,1,1,0,7.4,1.11,6.96,66.0,80.92533611258129,123,61,27.055150884495315,104,0,Right-censored,3
351,0,Female,59,1,50–64,0,0,0,0,1,0,1,1,0,0,0,1,0,5.5,1.09,5.9,45.0,105.66410037886003,145,69,38.02958363769174,106,0,Right-censored,3
353,0,Female,47,0,≤49,0,0,0,0,0,0,1,1,0,0,0,0,0,4.5,1.55,5.0,71.0,87.69196915808676,120,68,37.42139577948381,59,0,Right-censored,3
354,0,Female,56,1,50–64,1,0,0,0,1,1,1,1,0,1,1,1,1,3.4,0.84,10.6,64.0,93.32603477181345,151,89,40.90065778377467,100,0,Right-censored,2
356,0,Female,65,2,≥65,1,0,0,0,1,1,1,1,0,1,1,1,1,3.8,1.73,12.7,63.0,89.29248606310152,159,85,31.40213148546116,51,1,Event,3
357,0,Female,79,2,≥65,0,0,0,0,0,0,0,0,0,0,0,0,0,6.05,0.82,6.4,77.0,63.49504439188321,126,74,23.627547666009203,96,0,Right-censored,5
359,0,Female,55,1,50–64,0,0,0,0,0,0,0,0,0,0,0,0,0,5.9,,5.4,63.0,95.79049769611868,122,77,28.065417488494408,88,0,Right-censored,1
360,0,Female,63,1,50–64,1,0,0,0,1,1,1,1,0,1,1,1,0,2.9,0.73,6.0,56.0,95.60431847918865,132,70,30.7478674866098,97,0,Right-censored,3
361,1,Male,60,1,50–64,0,0,0,0,1,0,0,0,0,0,0,0,0,5.3,1.93,5.3,86.0,84.2498805347132,144,58,24.242424242424246,11,1,Event,4
362,0,Female,53,1,50–64,0,0,0,0,1,1,0,0,0,1,0,1,1,3.3,1.66,6.1,43.0,111.87363875544418,133,84,27.513007284079077,104,0,Right-censored,2
364,0,Female,28,0,≤49,0,0,0,0,0,0,0,0,0,0,0,0,0,5.34,1.18,5.2,55.0,122.9782613201136,101,64,23.917841538669432,90,0,Right-censored,4
365,1,Male,65,2,≥65,1,0,0,0,1,1,1,0,1,1,1,1,1,2.6,1.1299,9.6,110.0,60.40604577164038,144,86,29.75274443418488,16,1,Event,3
368,0,Female,69,2,≥65,0,0,0,0,1,1,1,1,0,1,0,1,0,7.2,1.03,6.0,59.0,90.09829031325283,137,77,42.644023268906,100,0,Right-censored,4
369,1,Male,61,1,50–64,1,0,0,1,1,1,1,1,0,1,1,1,1,6.3,1.32,11.25,101.0,68.88150521656601,165,112,34.75308641975308,73,0,Right-censored,5
370,0,Female,50,1,50–64,0,0,0,0,1,1,1,1,0,1,0,1,1,3.7,0.71,5.32,57.0,104.13777944579297,138,90,30.94040542600213,104,0,Right-censored,3
372,1,Male,58,1,50–64,0,0,0,0,1,1,0,0,0,1,0,1,1,5.1,0.66,4.86,99.0,72.07032392231343,119,81,24.44727891156463,106,0,Right-censored,3
373,1,Male,34,0,≤49,1,0,0,0,1,0,0,0,0,0,1,1,0,4.3,0.82,9.5,77.0,112.56960554801387,132,84,24.725182932941294,107,0,Right-censored,3
375,1,Male,55,1,50–64,1,1,0,0,1,1,1,1,0,1,1,1,1,4.9,1.79,12.38,102.0,70.99603112567524,151,80,30.832893829364274,21,1,Event,2
376,0,Female,50,1,50–64,1,0,0,0,0,0,0,0,0,0,1,0,0,4.86,0.44,6.2,42.0,115.14421514335322,121,65,26.97250120608745,96,0,Right-censored,4
377,0,Female,56,1,50–64,0,0,0,0,0,0,1,1,0,0,0,0,0,6.2,0.69,6.4,53.0,102.25860651387333,122,46,30.259878960484155,90,0,Right-censored,3
379,0,Female,50,1,50–64,0,0,0,0,0,0,0,0,0,0,0,0,0,3.6,0.28,,49.0,109.45021778368431,125,75,22.518210197710715,104,0,Right-censored,1
381,1,Male,56,1,50–64,0,0,0,1,1,0,0,0,0,0,0,1,1,3.8,1.81,5.2,85.0,87.88473471096442,139,86,20.957171162932475,107,0,Right-censored,2
383,0,Female,61,1,50–64,0,0,0,0,1,1,0,0,0,1,0,1,1,4.0,1.23,5.6,83.0,65.80444510527452,134,62,22.773437499999993,93,1,Event,4
384,1,Male,61,1,50–64,0,0,1,0,1,0,0,0,0,0,0,1,0,3.0,0.68,5.7,83.0,87.32965733763413,103,72,28.21402483564646,83,0,Right-censored,4
385,0,Female,69,2,≥65,1,0,0,0,1,0,1,1,0,0,1,0,0,4.3,1.3,6.5,74.0,71.46830527025101,149,65,33.29864724245577,49,1,Event,2
387,0,Female,69,2,≥65,1,0,1,0,1,1,0,0,0,1,1,1,1,4.1,1.64,6.65,74.0,71.46830527025101,124,82,25.9181378062497,107,0,Right-censored,4
388,0,Female,54,1,50–64,0,0,0,0,0,1,1,1,0,0,0,0,0,6.3,0.69,5.8,70.0,84.92828908507474,117,63,32.22222222222222,78,0,Right-censored,2
390,0,Female,68,2,≥65,0,0,0,0,1,1,1,1,0,1,0,1,0,4.7,1.44,5.5,49.0,96.45019343553703,141,80,41.551246537396125,108,0,Right-censored,4
391,1,Male,74,2,≥65,1,0,1,0,1,1,0,0,0,1,1,1,1,2.8,1.04,7.6,100.0,63.630802455369206,122,66,16.109245867768596,5,0,Right-censored,3
392,0,Female,53,1,50–64,1,0,0,0,1,1,1,1,0,1,1,1,1,4.5,0.74,7.28,70.0,85.52697793058887,173,100,31.76698247223185,98,0,Right-censored,3
393,0,Female,50,1,50–64,0,0,0,0,1,0,0,0,0,0,0,0,0,5.8,0.66,5.4,70.0,87.34848586690204,150,80,27.7616490056612,105,0,Right-censored,4
394,0,Female,57,1,50–64,1,0,0,0,0,1,1,1,0,1,1,0,0,4.5,0.67,6.1,74.0,77.75395731693216,107,68,31.40086818937888,80,1,Event,3
395,0,Female,54,1,50–64,1,0,0,0,1,1,1,1,0,1,1,1,1,7.5,0.94,7.7,67.0,89.54708831792874,136,91,31.184587124610193,98,0,Right-censored,3
396,0,Female,49,0,≤49,0,0,0,0,0,0,0,0,0,0,0,0,0,5.4,1.43,5.8,46.0,112.53680090835303,132,85,27.70692332981895,81,0,Right-censored,4
397,0,Female,64,1,50–64,1,1,0,0,1,1,1,1,0,1,0,1,1,4.2,1.22,6.6,68.0,81.9907983151118,139,76,35.2094965042,24,1,Event,4
398,0,Female,57,1,50–64,1,0,0,0,1,1,1,1,0,1,1,1,1,5.9,1.6,6.2,72.0,80.37271938905535,164,62,30.975692972570595,106,0,Right-censored,2
399,0,Female,61,1,50–64,0,0,0,0,0,0,0,0,0,0,0,0,0,6.1,1.3,5.4,61.0,94.26692881056792,110,66,27.599743630828392,100,0,Right-censored,1
400,1,Male,44,0,≤49,1,0,0,0,1,1,1,1,0,1,1,1,1,4.3,1.26,6.69,49.0,126.35450432582033,131,76,35.05886426592798,89,0,Right-censored,4
402,0,Female,42,0,≤49,1,0,0,0,1,1,1,1,0,1,1,1,1,4.2,1.05,5.1,51.0,114.2632478728418,152,86,39.717635603878456,106,0,Right-censored,2
404,0,Female,57,1,50–64,1,0,0,0,1,1,0,0,0,1,1,1,1,3.5,1.59,5.7,66.0,89.28839839961776,121,83,28.41980614885312,108,0,Right-censored,3
406,0,Female,60,1,50–64,0,0,0,0,1,0,1,1,0,0,0,1,0,5.1,0.9,4.9,47.0,103.43402620736721,142,77,35.97883597883598,98,0,Right-censored,2
407,1,Male,76,2,≥65,1,0,0,0,1,1,0,0,0,1,1,1,1,3.9,0.89,7.42,79.0,82.93016598483457,139,61,25.282569898869724,107,0,Right-censored,1
408,0,Female,41,0,≤49,0,0,0,0,1,0,1,1,0,0,0,1,1,5.8,1.35,6.3,59.3,109.49969508090807,141,96,30.96774193548387,96,0,Right-censored,3
409,1,Male,69,2,≥65,1,1,0,0,1,1,0,0,0,1,1,1,1,4.7,1.71,7.4,72.0,90.49589377037854,145,89,23.124670372023203,109,0,Right-censored,4
410,0,Female,53,1,50–64,1,0,0,0,1,1,1,1,0,1,1,1,1,3.8,0.98,6.52,64.0,95.31364285893025,126,71,40.16390117246136,108,0,Right-censored,4
411,0,Female,48,0,≤49,1,0,0,0,1,1,1,1,0,1,1,1,1,3.7,2.27,7.1,67.0,93.40195747614658,152,81,30.427631578947366,94,0,Right-censored,4
412,0,Female,59,1,50–64,1,0,0,0,1,1,1,1,0,1,0,1,0,3.1,1.01,6.6,64.0,91.3798749578869,140,78,36.32929792358539,84,0,Right-censored,4
413,0,Female,29,0,≤49,0,0,0,0,1,0,0,0,0,0,0,1,0,4.0,,5.2,56.0,121.39563218487415,103,60,19.098345871043726,64,0,Right-censored,2
414,1,Male,34,0,≤49,0,0,0,1,0,0,0,0,0,0,0,0,0,4.4,1.31,4.7,60.0,124.7236088079566,122,79,24.382716049382715,88,0,Right-censored,3
415,0,Female,56,1,50–64,1,1,1,0,1,1,0,0,0,1,1,1,1,4.1,1.43,7.6,85.0,66.22270574726092,138,65,21.203155818540434,95,0,Right-censored,5
416,0,Female,53,1,50–64,1,0,0,0,1,1,1,1,0,1,1,1,1,7.1,2.75,11.0,63.0,97.14577845129267,131,76,42.54674515235457,87,1,Event,2
417,1,Male,54,1,50–64,1,0,0,0,0,0,0,0,0,0,1,0,0,5.8,0.81,13.2,64.0,105.53920852739746,117,62,26.897670187097027,56,0,Right-censored,3
418,0,Female,68,2,≥65,1,1,0,0,1,1,1,1,0,1,1,1,1,4.2,1.75,8.7,61.0,89.74372618264346,130,69,30.021501886486266,105,0,Right-censored,5
420,0,Female,47,0,≤49,0,0,0,0,0,0,1,1,0,0,0,0,0,4.3,0.85,5.1,41.0,118.53251684766794,121,77,33.28402366863905,104,0,Right-censored,2
423,1,Male,51,1,50–64,0,0,0,1,0,0,1,1,0,0,0,0,0,5.8,0.76,6.3,81.0,96.48866485952358,128,72,31.01358726335203,92,0,Right-censored,3
424,1,Male,42,0,≤49,1,1,0,0,1,1,1,1,0,1,1,1,1,3.97,1.11,7.9,113.0,68.72576933994017,140,90,30.922448979591838,8,1,Event,1
425,1,Male,37,0,≤49,0,0,0,1,0,1,1,1,0,1,0,0,0,6.4,2.2,5.7,85.0,100.43329812157369,121,79,30.280844741361214,9,0,Right-censored,3
426,0,Female,48,0,≤49,0,0,0,0,1,1,0,0,0,0,0,1,0,6.5,2.96,5.7,63.0,100.61846561476158,121,74,29.200795964644364,90,0,Right-censored,4
427,0,Female,50,1,50–64,0,0,0,0,0,1,0,0,0,1,0,0,0,6.0,1.21,6.2,55.0,105.36874697828878,124,54,25.76429980276134,80,0,Right-censored,5
428,0,Female,37,0,≤49,0,0,0,0,0,0,0,0,0,0,0,0,0,5.4,,4.4,63.0,108.70160505644738,118,79,23.19109461966605,77,0,Right-censored,2
429,1,Male,28,0,≤49,0,0,0,0,0,1,1,1,0,0,0,0,0,3.8,2.49,5.7,54.0,135.84995724724794,114,57,34.59262630860265,86,0,Right-censored,3
430,0,Female,39,0,≤49,0,0,0,0,1,0,0,0,0,0,0,1,0,3.95,,5.6,30.0,138.95574728500006,117,68,21.183281435024778,104,0,Right-censored,1
435,1,Male,67,2,≥65,0,0,0,0,1,1,0,0,0,1,0,1,1,5.0,0.28,6.1,63.0,96.95385166029477,126,77,25.963504494425365,91,0,Right-censored,1
442,1,Male,29,0,≤49,0,0,0,0,1,0,1,1,0,0,0,0,0,4.1,0.5699,6.0,67.0,123.45419329820734,140,76,37.98990945237061,108,0,Right-censored,5
443,1,Male,39,0,≤49,0,0,0,0,0,1,0,0,0,1,0,0,0,5.9,0.84,5.2,71.0,112.36935641550632,127,87,28.086419753086417,97,0,Right-censored,4
444,1,Male,37,0,≤49,0,0,0,0,0,1,1,1,0,0,0,0,0,6.7,1.49,5.3,84.0,101.8806129173964,118,71,34.164252568922855,107,0,Right-censored,1
445,1,Male,51,1,50–64,1,0,0,1,0,1,1,1,0,1,1,0,0,6.4,2.11,10.7,64.0,107.78692627186028,132,86,52.39318550567875,84,0,Right-censored,3
446,1,Male,67,2,≥65,0,0,0,0,1,0,1,1,0,0,0,0,0,4.3,0.5799,6.0,86.0,80.20732514603893,137,95,30.816488307570353,105,0,Right-censored,3
447,1,Male,75,2,≥65,1,1,0,1,1,1,1,1,0,1,1,1,0,3.0,1.0,10.76,75.0,85.31744504559924,140,80,31.64428577224228,34,0,Right-censored,2
448,1,Male,66,2,≥65,1,0,1,1,0,1,0,0,0,1,1,0,0,3.5,1.04,7.1,76.0,90.39208369718904,138,65,25.580011897679956,96,1,Event,1
456,1,Male,28,0,≤49,1,0,0,0,0,0,0,0,0,0,0,0,0,5.0,0.89,6.7,86.0,105.4856399283753,126,62,24.38237297859371,87,0,Right-censored,2
459,1,Male,62,1,50–64,1,0,0,0,1,1,1,1,0,1,1,1,1,4.9,1.62,8.15,76.0,92.9679819334935,137,96,32.44997295835587,97,1,Event,3
465,1,Male,42,0,≤49,0,0,0,1,1,1,0,0,0,1,0,1,0,6.1,3.46,5.1,72.0,109.39542611265051,131,72,28.73174689021093,101,0,Right-censored,1
480,1,Male,39,0,≤49,1,0,0,0,0,1,0,0,0,1,1,0,0,3.5,0.91,4.44,81.0,104.97486264275622,128,81,24.725182932941294,59,0,Right-censored,1
487,1,Male,67,2,≥65,1,0,0,0,1,0,0,0,0,0,1,1,1,3.8,0.63,7.0,64.0,96.32833714014136,158,67,22.857142857142858,83,0,Right-censored,2
490,1,Male,48,0,≤49,0,0,0,0,1,1,1,1,0,1,0,1,1,5.3,1.12,4.88,69.0,106.7311859103025,124,72,31.95592286501378,56,0,Right-censored,3
493,1,Male,42,0,≤49,0,0,0,0,0,1,0,0,0,1,0,0,0,4.4,0.89,6.1,71.0,110.02607968348453,124,71,26.722872520606725,102,0,Right-censored,2
495,1,Male,31,0,≤49,0,0,0,0,0,0,1,1,0,0,0,0,0,5.3,0.75,4.8,101.0,85.04037644685285,136,67,37.02639726770723,75,0,Right-censored,1
496,1,Male,66,2,≥65,1,0,0,0,1,1,0,0,0,1,1,1,1,4.3,1.4,7.0,103.0,64.94611954232033,115,62,26.61188265995689,3,1,Event,4
500,1,Male,56,1,50–64,1,0,0,0,1,1,1,0,1,1,0,1,0,4.8,1.45,7.3,97.0,74.91588262814723,132,91,29.939033241399333,99,0,Right-censored,5
518,1,Male,41,0,≤49,0,0,0,0,1,0,1,1,0,0,0,0,0,5.4,0.22,4.9,85.0,97.65055561047267,150,80,30.487804878048784,87,0,Right-censored,4
525,1,Male,39,0,≤49,1,0,0,1,1,1,0,0,0,0,1,1,1,8.0,2.72,18.1,94.0,87.68637729725552,138,80,23.507805325987146,17,1,Event,2
530,1,Male,68,2,≥65,0,0,0,0,1,1,1,1,0,1,0,1,1,3.8,0.9,6.1,86.0,79.64587387001666,148,83,30.37626412849495,95,0,Right-censored,5
538,1,Male,32,0,≤49,1,0,0,0,0,0,1,1,0,0,0,0,0,3.9,0.9,6.6,75.0,115.40381239652783,136,85,31.600114909508758,98,0,Right-censored,1
553,1,Male,32,0,≤49,0,0,0,1,0,0,0,0,0,0,0,0,0,3.7,0.68,5.4,59.0,127.36501719327076,109,57,24.243625313779894,99,0,Right-censored,4
566,1,Male,51,1,50–64,0,0,0,0,1,0,0,0,0,0,0,0,0,5.2,0.83,6.4,63.0,108.48684790932889,153,90,27.52983824082624,27,0,Right-censored,1
579,1,Male,60,1,50–64,1,0,0,1,1,1,1,1,0,1,1,1,1,6.5,0.95,5.9,98.0,71.94251164450073,168,94,31.22130394857668,53,0,Right-censored,1
581,1,Male,59,1,50–64,0,0,0,0,1,1,0,0,0,0,0,1,0,6.4,1.18,6.0,65.0,101.24944589519713,176,108,24.0569347455645,91,0,Right-censored,4
589,1,Male,66,2,≥65,1,1,0,0,1,1,1,1,0,1,0,1,1,3.1,0.5699,7.1,96.0,70.71433986706452,132,77,31.80398208438406,102,0,Right-censored,1
591,1,Male,89,2,≥65,0,0,0,0,1,1,0,0,0,1,0,1,1,2.9,0.66,5.97,86.0,68.72227057365352,110,63,27.40184414039263,53,1,Event,5
593,1,Male,55,1,50–64,1,0,0,0,1,1,1,1,0,0,1,1,1,5.1,6.24,12.0,57.0,109.91032322883729,130,84,35.371900826446286,90,0,Right-censored,1
596,1,Male,71,2,≥65,1,0,0,0,1,0,1,1,0,0,1,1,0,5.4,1.44,7.0,55.0,99.67860726536817,159,85,30.303030303030308,69,0,Right-censored,4
604,1,Male,60,1,50–64,0,0,0,1,0,0,1,1,0,0,0,0,0,4.0,0.75,5.3,71.0,96.957656944999,105,60,32.40790842872008,96,0,Right-censored,5
606,1,Male,33,0,≤49,0,0,0,1,0,1,0,0,0,0,0,0,0,6.6,1.61,,72.0,116.53487852791076,109,71,27.74474831549742,75,0,Right-censored,1
607,1,Male,66,2,≥65,0,0,0,0,0,1,0,0,0,1,0,0,0,5.4,1.9,6.4,92.0,74.44815321711864,117,60,23.272667884739054,102,0,Right-censored,3
609,1,Male,76,2,≥65,0,0,0,0,0,0,0,0,0,0,0,0,0,5.7,0.72,5.7,78.0,83.36550540588868,134,86,24.0569347455645,98,0,Right-censored,4
615,1,Male,56,1,50–64,0,0,1,1,1,0,0,0,0,0,0,1,1,3.0,0.42,,29.0,144.08100266737557,160,97,12.698961937716266,104,0,Right-censored,4
620,1,Male,65,2,≥65,1,0,1,0,1,1,1,1,0,1,1,1,1,5.0,1.62,8.5,90.0,76.99188804986612,131,82,32.05030371478282,49,0,Right-censored,3
621,1,Male,77,2,≥65,1,0,0,0,1,0,0,0,0,0,0,1,1,5.1,0.79,6.5,71.0,86.04375129928597,139,69,24.614463803084288,97,0,Right-censored,5
624,1,Male,42,0,≤49,0,0,0,1,0,1,1,1,0,0,0,0,0,6.2,2.95,5.7,94.0,85.85782319504844,119,89,41.66505921839435,92,0,Right-censored,4
628,1,Male,69,2,≥65,0,0,0,0,0,1,0,0,0,0,0,0,0,7.3,1.09,5.9,51.0,104.27523740904394,135,69,25.820312499999993,92,0,Right-censored,4
633,1,Male,55,1,50–64,1,0,0,0,1,1,0,0,0,1,1,1,0,4.1,1.02,7.6,77.0,97.13044147729984,164,85,27.553139957800017,97,0,Right-censored,4
635,1,Male,50,1,50–64,0,0,0,0,1,1,0,0,0,1,0,1,1,4.5,1.85,5.2,86.0,90.38093061442534,116,74,25.990903183885642,97,0,Right-censored,5
637,1,Male,61,1,50–64,1,0,1,1,1,1,0,0,0,1,1,1,1,4.8,1.6,5.83,91.0,78.1350917489256,157,90,24.266389177939644,13,1,Event,5
638,1,Male,34,0,≤49,0,0,0,0,0,0,1,1,0,0,0,0,0,4.5,0.73,6.0,65.0,120.687264245288,122,74,34.08065755621638,97,0,Right-censored,4
642,1,Male,33,0,≤49,0,0,0,1,0,0,1,1,0,0,0,0,0,5.5,1.87,5.6,71.0,117.20669032006609,111,75,45.84775086505191,35,0,Right-censored,4
647,1,Male,57,1,50–64,1,0,1,0,1,0,0,0,0,0,0,1,0,6.1,2.21,6.7,96.0,75.3293560747583,130,76,27.777777777777786,91,0,Right-censored,3
658,1,Male,30,0,≤49,0,0,0,0,1,1,1,1,0,0,0,1,1,5.9,3.01,,101.0,85.63985543489713,130,75,35.9998565742766,25,0,Right-censored,4
673,1,Male,34,0,≤49,1,0,0,0,1,0,1,1,0,0,1,1,1,5.7,1.02,8.8,68.0,118.46980380067058,130,80,37.97197887732365,94,0,Right-censored,5
686,1,Male,51,1,50–64,1,1,0,0,1,1,1,1,0,1,1,1,1,4.8,0.91,8.8,78.0,99.36997374066353,123,67,35.796045785639954,85,0,Right-censored,5
689,1,Male,41,0,≤49,0,0,0,0,0,1,0,0,0,0,0,0,0,5.1,2.59,6.0,91.0,89.92100591318949,108,70,27.60281067159374,80,0,Right-censored,3
696,1,Male,68,2,≥65,1,0,0,0,1,1,0,0,0,1,1,1,1,5.4,1.34,7.46,75.0,89.61755724344434,153,82,23.80869017191275,92,0,Right-censored,1
698,1,Male,60,1,50–64,1,0,0,0,1,1,0,0,0,1,1,1,0,4.3,0.52,,77.0,93.77813794892242,147,78,27.1045918367347,20,0,Right-censored,1
706,1,Male,27,0,≤49,0,0,0,0,0,0,1,1,0,0,0,0,0,4.6,1.26,6.2,87.0,104.75480301079797,123,77,41.789802289281994,82,0,Right-censored,2
713,1,Male,52,1,50–64,1,0,0,0,1,0,1,1,0,0,1,1,1,3.95,0.63,5.8,61.9,108.51017115649226,140,83,37.37842938017129,24,0,Right-censored,1
714,1,Male,56,1,50–64,1,0,0,1,1,1,0,0,0,1,1,1,1,5.0,1.68,12.8,89.0,83.1320345165159,129,69,23.39368690914917,100,0,Right-censored,2
716,1,Male,66,2,≥65,0,0,0,0,1,0,1,1,0,0,0,1,0,5.2,0.91,5.5,95.0,71.61526007877295,125,75,30.83322949515475,94,0,Right-censored,4
718,1,Male,57,1,50–64,0,0,0,0,1,0,0,0,0,0,0,1,1,5.8,0.97,6.1,107.0,66.0701341434454,116,68,26.25958474843318,101,0,Right-censored,1
719,1,Male,65,2,≥65,1,0,0,0,1,1,1,0,1,1,1,1,1,5.2,2.02,7.5,106.0,63.172690343739,114,88,29.86819727891157,45,0,Right-censored,3
720,1,Male,44,0,≤49,0,0,0,1,0,1,1,1,0,0,0,0,0,5.0,3.05,6.0,82.0,99.85941046752953,118,79,45.63277447268794,48,0,Right-censored,3
722,1,Male,34,0,≤49,0,0,0,0,0,1,0,0,0,0,0,0,0,5.7,2.3199,5.2,64.0,121.45876560253663,108,66,26.674874320303687,64,0,Right-censored,1
725,1,Male,55,1,50–64,1,0,0,0,1,1,1,1,0,1,1,1,1,6.6,2.83,7.1,92.0,80.42891231489675,142,89,31.711739516222366,51,1,Event,1
726,1,Male,69,2,≥65,1,1,0,0,1,1,1,0,1,1,1,1,0,4.0,3.21,10.79,88.0,76.92041295066258,119,41,29.792574976879376,106,0,Right-censored,2
727,1,Male,29,0,≤49,0,0,0,1,1,1,1,1,0,1,0,0,0,5.7,2.98,6.0,88.0,101.87594899012227,161,83,33.46403461330449,97,0,Right-censored,5
735,1,Male,75,2,≥65,0,0,0,0,0,0,0,0,0,0,0,0,0,5.8,0.86,6.2,101.0,62.42982359973644,134,74,21.258503401360546,22,1,Event,2
739,1,Male,67,2,≥65,1,1,0,0,0,1,0,0,0,1,1,0,0,4.0,1.18,7.5,73.0,91.25745168694023,124,82,26.82742078020452,81,0,Right-censored,4
751,1,Male,78,2,≥65,0,0,0,1,1,1,0,0,0,1,0,1,1,6.2,1.23,6.1,69.0,86.45075487930595,133,81,22.067049882334786,75,0,Right-censored,3
752,1,Male,59,1,50–64,1,0,1,0,1,0,0,0,0,0,1,1,1,3.5,0.85,6.1,84.0,87.29211495796585,131,74,24.687685901249264,89,0,Right-censored,2
755,1,Male,36,0,≤49,1,0,0,1,1,1,1,1,0,1,0,1,0,5.7,1.49,7.4,97.0,86.21621059131948,163,110,38.82085595253125,78,0,Right-censored,1
757,1,Male,26,0,≤49,0,0,0,0,0,0,0,0,0,0,0,0,0,2.9,1.41,4.1,66.0,126.86513526987058,122,77,28.076319285110493,84,0,Right-censored,2
758,1,Male,26,0,≤49,0,0,0,1,1,0,1,1,0,0,0,1,1,5.74,1.19,6.1,69.0,124.5683947877575,156,71,32.17169053511299,108,0,Right-censored,2
759,1,Male,38,0,≤49,0,0,0,0,0,0,0,0,0,0,0,0,0,4.1,0.51,5.7,70.0,113.82313205964529,118,74,27.13141179099237,39,0,Right-censored,2
761,1,Male,52,1,50–64,0,0,0,0,0,0,0,0,0,0,0,0,0,5.3,1.19,5.3,59.0,110.67132982928517,116,76,28.850530443611923,107,0,Right-censored,1
764,1,Male,58,1,50–64,1,0,0,0,1,1,1,1,0,1,1,1,1,3.8,1.38,10.1,78.0,94.60191210938055,143,92,32.6643598615917,104,0,Right-censored,5
768,1,Male,27,0,≤49,0,0,0,1,0,0,0,0,0,0,0,0,0,5.2,1.52,4.9,113.0,76.36263092645,139,66,29.181361380730937,88,0,Right-censored,2
771,1,Male,54,1,50–64,0,0,0,0,0,1,0,0,0,1,0,0,0,5.0,0.71,5.2,76.3,98.18298174009703,121,78,26.9281795690057,105,0,Right-censored,4
774,1,Male,65,2,≥65,1,0,1,1,1,1,0,0,0,1,0,1,1,4.6,2.31,6.8,91.0,75.97017388318633,139,79,25.161262762185483,44,0,Right-censored,1
777,1,Male,26,0,≤49,0,0,0,0,0,0,0,0,0,0,0,0,0,3.9,0.5,5.6,59.0,132.84789202300348,122,78,22.625181662042543,78,0,Right-censored,4
782,1,Male,26,0,≤49,0,0,0,1,0,0,0,0,0,0,0,0,0,5.52,2.08,5.6,62.0,130.16728903578428,112,77,28.699638429752067,109,0,Right-censored,5
783,1,Male,67,2,≥65,1,1,1,0,1,1,0,0,0,1,1,1,1,5.0,0.6,8.8,75.0,90.24930235996409,162,101,23.15479969260583,43,1,Event,1
785,1,Male,50,1,50–64,1,0,0,1,0,1,0,0,0,1,0,0,0,6.7,2.74,7.6,94.0,81.1659472220793,109,74,24.050162249864798,105,0,Right-censored,3
791,1,Male,61,1,50–64,1,1,0,0,1,1,0,0,0,1,1,1,1,4.3,0.56,6.34,71.0,96.27895334638401,148,90,21.107266435986162,107,0,Right-censored,5
794,1,Male,27,0,≤49,0,0,0,0,1,0,1,1,0,0,0,1,0,5.8,0.78,4.9,66.0,125.97707932298148,134,83,30.470521541950117,99,0,Right-censored,5
795,1,Male,71,2,≥65,1,0,0,1,1,1,0,0,0,1,1,1,1,3.1,0.59,5.66,96.0,68.27374629580352,140,67,23.875114784205696,15,0,Right-censored,4
796,1,Male,29,0,≤49,0,0,0,0,0,0,0,0,0,0,0,0,0,4.1,0.6,5.3,73.0,119.17821990945359,107,72,16.72190868643435,87,0,Right-censored,1
800,1,Male,27,0,≤49,0,0,0,0,0,0,0,0,0,0,0,0,0,4.1,1.1299,,75.0,119.5291726984758,113,62,22.888688016528928,72,0,Right-censored,2
806,1,Male,32,0,≤49,0,0,0,0,0,0,0,0,0,0,0,0,0,5.9,0.5699,6.2,74.0,116.0422386648884,121,76,22.8594369529344,106,0,Right-censored,5
812,1,Male,27,0,≤49,0,0,0,0,1,0,0,0,0,0,0,1,1,4.2,0.75,4.6,81.0,114.20742325442046,134,73,27.253086419753085,91,0,Right-censored,5
813,1,Male,36,0,≤49,0,0,0,0,1,0,1,1,0,0,0,0,0,4.3,0.61,5.6,67.0,117.53050045491038,146,88,30.50552975375054,93,0,Right-censored,5
821,1,Male,36,0,≤49,0,0,0,0,0,0,1,1,0,0,0,0,0,4.8,1.01,5.5,79.0,109.83546545742519,128,81,30.664062499999993,84,0,Right-censored,4
827,1,Male,30,0,≤49,0,0,0,0,0,0,0,0,0,0,0,0,0,4.94,1.3,,78.0,115.16511792976105,112,74,21.192742415229034,67,0,Right-censored,3
843,1,Male,29,0,≤49,0,0,0,1,1,1,1,1,0,0,0,0,0,6.3,1.62,5.5,63.0,126.61746784117958,136,93,52.39237470016412,93,0,Right-censored,2
845,1,Male,66,2,≥65,1,1,0,1,0,1,0,0,0,0,1,0,0,2.9,2.45,13.5,81.0,86.83904214145555,139,77,21.218317194552675,15,1,Event,5
846,1,Male,38,0,≤49,1,0,0,0,1,1,1,1,0,1,1,1,0,4.4,1.57,5.5,80.0,107.31456267887579,120,69,33.21799307958478,93,0,Right-censored,3
851,1,Male,26,0,≤49,0,0,0,1,1,0,0,0,0,0,0,0,0,5.2,0.94,5.5,60.0,131.93337747888597,150,88,25.419278036483316,73,0,Right-censored,1
852,1,Male,49,0,≤49,1,0,0,1,0,0,0,0,0,0,1,0,0,4.7,1.08,8.4,47.0,124.10101689383792,136,78,29.480760477574318,96,0,Right-censored,5
853,1,Male,27,0,≤49,0,0,0,1,0,0,0,0,0,0,0,0,0,4.0,0.6,5.7,57.0,133.8010517346834,112,68,22.758306781975424,91,0,Right-censored,4
855,1,Male,66,2,≥65,1,0,0,0,1,1,1,1,0,1,0,1,1,3.9,2.46,6.8,75.0,90.88550086602628,120,68,33.531717230367256,111,1,Event,5
860,1,Male,30,0,≤49,0,0,0,1,0,0,1,1,0,0,0,0,0,3.9,0.67,,87.0,102.57031517271636,118,57,35.41715393096996,69,0,Right-censored,4
864,1,Male,31,0,≤49,0,0,0,0,1,0,0,0,0,0,0,0,0,4.92,1.8,4.7,81.0,111.0430359673608,148,87,26.093498854348347,99,0,Right-censored,1
869,1,Male,55,1,50–64,1,0,1,1,1,1,0,0,0,1,1,1,1,6.2,1.76,14.9,95.0,77.36843997306453,164,83,26.953124999999996,94,1,Event,4
874,1,Male,45,0,≤49,1,0,0,0,0,1,1,1,0,1,1,0,0,3.3,0.62,6.96,64.0,112.4269933644863,106,64,30.42184964845863,107,0,Right-censored,2
882,1,Male,64,1,50–64,0,0,0,1,1,0,0,0,0,0,0,1,1,4.5,1.45,5.7,88.0,79.6701004298403,120,74,17.498735031202564,46,0,Right-censored,3
886,1,Male,62,1,50–64,1,1,0,0,1,1,0,0,0,1,1,1,1,2.4,0.44,6.7,106.0,64.51810859191751,92,54,28.515624999999993,82,1,Event,3
889,1,Male,37,0,≤49,0,0,0,1,0,1,0,0,0,0,0,0,0,6.2,2.81,5.7,68.0,115.99931234687249,119,88,28.959000152415786,95,0,Right-censored,4
892,1,Male,31,0,≤49,0,0,0,0,0,0,1,1,0,0,0,0,0,4.6,,5.7,102.0,84.03343323237726,120,64,30.405292525644022,49,0,Right-censored,5
897,1,Male,79,2,≥65,1,1,1,0,1,1,0,0,0,1,1,1,1,4.6,1.2,7.2,92.0,67.95073511185016,134,69,23.507805325987146,108,0,Right-censored,1
903,1,Male,70,2,≥65,1,1,0,0,1,1,1,1,0,1,1,1,0,5.3,1.3,6.2,67.0,92.56035982742493,142,88,32.34131113423517,105,0,Right-censored,2
907,1,Male,43,0,≤49,1,0,0,1,1,1,0,0,0,1,1,1,1,2.4,0.85,5.7,78.0,105.1141510488237,137,81,25.126131845367368,91,0,Right-censored,2
911,1,Male,25,0,≤49,0,0,0,0,0,0,0,0,0,0,0,0,0,4.5,0.65,5.2,63.0,130.22567885653837,122,72,29.095619901263962,99,0,Right-censored,4
917,1,Male,62,1,50–64,1,0,0,0,1,1,1,1,0,1,1,1,1,6.2,1.32,5.01,76.0,92.9679819334935,110,60,39.06249999999999,18,0,Right-censored,4
925,1,Male,58,1,50–64,1,1,0,1,1,1,1,1,0,1,1,1,1,3.7,1.09,10.3,103.0,68.70039271040703,157,79,31.508844953173774,26,1,Event,3
926,1,Male,50,1,50–64,1,0,0,1,1,0,1,1,0,0,1,1,1,5.2,1.1299,6.6,81.0,97.16884678703282,130,88,52.52525252525253,88,0,Right-censored,5
928,1,Male,25,0,≤49,1,0,0,0,0,1,0,0,0,1,1,0,0,5.8,0.5,8.1,80.0,117.57593190999536,136,88,27.74423378818983,64,0,Right-censored,1
931,1,Male,76,2,≥65,1,1,1,0,1,1,0,0,0,1,1,1,0,4.4,1.07,7.43,96.0,65.9173859506644,153,61,23.225431847873423,4,1,Event,4
952,1,Male,70,2,≥65,1,1,0,1,1,1,0,0,0,1,0,1,0,4.7,0.6,6.7,64.0,94.31956928513834,145,70,21.246471696922146,105,0,Right-censored,5
954,1,Male,27,0,≤49,0,0,0,0,0,0,0,0,0,0,0,0,0,4.4,0.62,4.8,97.0,91.84292237273282,136,79,21.20099137030069,52,0,Right-censored,1
956,1,Male,61,1,50–64,0,0,0,0,1,1,1,1,0,1,0,1,1,4.2,0.72,6.2,104.0,66.48655989660297,126,82,32.22656249999999,93,0,Right-censored,4
959,1,Male,25,0,≤49,0,0,0,0,0,0,0,0,0,0,0,0,0,5.3,0.6,,73.0,122.57443508576348,127,74,24.047337278106507,102,0,Right-censored,1
962,1,Male,45,0,≤49,0,0,0,0,1,0,1,1,0,0,0,0,0,5.9,1.33,6.1,67.0,110.33005174857233,150,112,33.1726001162751,94,0,Right-censored,3
967,1,Male,41,0,≤49,0,0,1,1,1,1,0,0,0,1,0,1,1,4.0,1.1299,,93.0,87.58834393588204,119,66,22.037981859410436,35,1,Event,1
968,1,Male,24,0,≤49,0,0,0,0,0,0,0,0,0,0,0,0,0,2.23,0.66,4.3,65.0,129.46994329925337,121,55,21.22769064359113,106,0,Right-censored,2
