model,risk_quartile,n,events,mean_oof_predicted_60m_risk,km_observed_60m_risk
Cox-5,1,122,1,0.005154307177114049,0.008474576271186418
Cox-5,2,121,5,0.021304962076300112,0.02493228696437244
Cox-5,3,121,19,0.06659331596973689,0.07702485543394622
Cox-5,4,121,31,0.19032295232382798,0.1810877712608696
XGB-Cox-5,1,122,4,0.02995723442123512,0.016813907096038694
XGB-Cox-5,2,121,3,0.035232993445455746,0.01754385964912286
XGB-Cox-5,3,121,20,0.08708582065180046,0.11826569166610446
XGB-Cox-5,4,121,29,0.13791774080996008,0.1374397769933563
XGB-Cox-11,1,122,1,0.012121837437259645,0.0
XGB-Cox-11,2,121,1,0.02236668524378665,0.0
XGB-Cox-11,3,121,14,0.05157601387900946,0.04368085800225174
XGB-Cox-11,4,121,40,0.21390760318073582,0.2513880579862573
