model,fold,n_test,events_test,harrell_c
Cox-5,1,97,11,0.75
XGB-Cox-5,1,97,11,0.6666666666666666
XGB-Cox-11,1,97,11,0.8436781609195402
Cox-5,2,97,11,0.8030634573304157
XGB-Cox-5,2,97,11,0.774070021881838
XGB-Cox-11,2,97,11,0.8353391684901532
Cox-5,3,97,11,0.801056338028169
XGB-Cox-5,3,97,11,0.7177230046948356
XGB-Cox-11,3,97,11,0.7634976525821596
Cox-5,4,97,11,0.7953995157384988
XGB-Cox-5,4,97,11,0.6876513317191283
XGB-Cox-11,4,97,11,0.9200968523002422
Cox-5,5,97,12,0.8318872017353579
XGB-Cox-5,5,97,12,0.7830802603036876
XGB-Cox-11,5,97,12,0.903470715835141
