StudyID,fold,TimeToEventMonths,EventCKD35,cox_5_oof_log_risk,cox_5_oof_60m_risk,xgb_cox_5_oof_log_risk,xgb_cox_5_oof_60m_risk,xgb_cox_11_oof_log_risk,xgb_cox_11_oof_60m_risk
1,2,98.0,0,1.7430537010855505,0.025770445039261958,-0.6041948551652767,0.03756201789793989,-1.1915170946571998,0.02077636219677248
2,5,106.0,0,1.4575941905963565,0.027300632088301247,-0.5903831448324568,0.03844051053727637,-1.5708964867492332,0.013953040255998528
3,5,88.0,0,1.4575941905963565,0.027300632088301247,-0.5903831448324568,0.03844051053727637,-1.3763126444876996,0.0169247328297627
4,3,103.0,0,1.5278786511162497,0.02951366085575613,-0.614323865100239,0.038801680627589374,-1.1542130759635714,0.02172729495812331
5,3,105.0,0,2.947380237951893,0.11651229200540092,0.825362426648374,0.15378315568911094,1.6432404550988509,0.3025452878454493
6,4,105.0,0,1.3685952203742595,0.023291751061518373,-0.5090101853396012,0.04315554939238919,-1.0547437824829917,0.024044062854218118
7,3,98.0,0,2.9345298418459147,0.11511377765337116,0.4711302820794881,0.11056746612516855,0.07200550018457197,0.07213575333411548
8,5,93.0,0,0.0,0.006423117953220925,-0.7845341458817134,0.031766075220542644,-1.3609622004401392,0.017184276900465867
9,5,88.0,0,1.4575941905963565,0.027300632088301247,-0.5903831448324568,0.03844051053727637,-1.4548656994946414,0.01565618413365011
10,4,103.0,0,1.6151885848326066,0.02970786976470241,0.30198599272921745,0.09449640893171296,-0.2425323740563328,0.05335426071287508
11,4,105.0,0,0.0,0.0059790849142008495,-0.8246221829928839,0.03166243684253267,-1.0867703362910353,0.023295112347035518
12,5,105.0,0,2.163254077404403,0.05451522984811508,-0.5903831448324568,0.03844051053727637,0.08131871641854375,0.0707031787792547
13,3,104.0,0,0.0,0.006479656870237882,-0.8299361753106881,0.03139555043525877,-1.8071508524200774,0.011368919265910216
14,2,96.0,0,1.7978961755895324,0.02720329602602667,-0.792921182042995,0.03120380882135565,0.9299086566120769,0.1606803784039572
15,5,100.0,0,1.5302145979895614,0.029326536377281,-0.7845341458817134,0.031766075220542644,-1.405774087091714,0.01643744025696614
16,5,96.0,0,2.8925185647068625,0.1097369537476085,0.49628111428772936,0.10970271740507431,0.6230016404913169,0.11842193463089412
17,2,94.0,0,3.0891244854357574,0.09544843214680787,0.7583289418157384,0.13890051506705214,-1.0955191854402602,0.022845633359092843
18,4,100.0,0,2.9837838052068664,0.11176243643101325,0.7924447752484487,0.14964778901563314,-0.19720097638638712,0.055758270878556226
19,2,87.0,0,3.143966959939739,0.10054944359008078,0.4880437920212279,0.10785554835766542,-0.5196355983247424,0.04027349636208388
21,4,93.0,0,1.1899140307542608,0.019518041660998353,-0.8246221829928839,0.03166243684253267,-1.069226411558318,0.02370248117324303
22,1,81.0,1,3.990112813394104,0.10493852863237729,0.3809258961728551,0.09299605081719553,1.0183409114343238,0.16346223087225453
23,3,47.0,1,2.9345298418459147,0.11511377765337116,0.4711302820794881,0.11056746612516855,1.383306869349909,0.2425835033394711
24,2,102.0,0,0.0,0.004558150440178599,-0.8092468638611915,0.030706360254743825,-1.792385215713475,0.011446412278457996
25,1,88.0,0,1.587504978597808,0.009980916800461204,0.3809258961728551,0.09299605081719553,-0.8784277847868198,0.026426491746371794
26,5,94.0,0,2.163254077404403,0.05451522984811508,-0.5903831448324568,0.03844051053727637,-1.5532248171363165,0.014200030764621951
27,2,99.0,0,1.7978961755895324,0.02720329602602667,-0.792921182042995,0.03120380882135565,0.7127134463396895,0.13148201242875368
28,4,97.0,0,2.1564764998064136,0.05049851028456931,-0.5090101853396012,0.04315554939238919,-0.6586764513033082,0.03551913353985481
29,5,63.0,0,0.0,0.006423117953220925,-0.7845341458817134,0.031766075220542644,-1.6404470483686497,0.013021708203951543
30,4,88.0,1,2.8051026155868675,0.0943691996921322,0.30198599272921745,0.09449640893171296,1.236760750562221,0.2139198473958226
31,1,100.0,0,3.990112813394104,0.10493852863237729,0.3809258961728551,0.09299605081719553,-0.25650629167239536,0.04865781826248916
33,1,95.0,0,2.4026078347962962,0.022409353021720646,-0.8745830232234028,0.02742847753270161,-1.1317783203398633,0.020573452338461085
34,1,97.0,0,3.990112813394104,0.10493852863237729,0.3809258961728551,0.09299605081719553,-0.20200868792575305,0.05131202410601099
36,4,99.0,0,2.9837838052068664,0.11176243643101325,0.7924447752484487,0.14964778901563314,-0.5212062784882378,0.04064574468965598
37,2,93.0,0,1.7430537010855505,0.025770445039261958,-0.6041948551652767,0.03756201789793989,0.49131158244938294,0.10682269986925608
38,4,104.0,0,1.3685952203742595,0.023291751061518373,-0.5090101853396012,0.04315554939238919,-0.9122766627096219,0.0276741872167251
39,3,96.0,0,1.5278786511162497,0.02951366085575613,-0.614323865100239,0.038801680627589374,-1.632112958875145,0.013528922651296682
40,2,102.0,0,0.0,0.004558150440178599,-0.8092468638611915,0.030706360254743825,-1.792385215713475,0.011446412278457996
41,3,77.0,0,2.9345298418459147,0.11511377765337116,0.4711302820794881,0.11056746612516855,1.1305630337662331,0.1940959972930406
42,3,97.0,0,1.5278786511162497,0.02951366085575613,-0.614323865100239,0.038801680627589374,0.0888386749882133,0.073314286592573
43,5,93.0,0,1.5302145979895614,0.029326536377281,-0.7845341458817134,0.031766075220542644,-0.08885574897307637,0.0599786485410444
44,3,89.0,0,2.947380237951893,0.11651229200540092,0.825362426648374,0.15378315568911094,-0.44036305508971696,0.043861639370030736
45,4,98.0,0,1.3685952203742595,0.023291751061518373,-0.5090101853396012,0.04315554939238919,-0.7558375367463028,0.032284107763889236
46,3,66.0,0,2.947380237951893,0.11651229200540092,0.825362426648374,0.15378315568911094,-0.7361399813223495,0.03281769820171532
47,1,89.0,0,0.0,0.002048598977387517,-0.8745830232234028,0.02742847753270161,-1.4081799842978988,0.015644231936209785
48,5,99.0,0,1.4575941905963565,0.027300632088301247,-0.5903831448324568,0.03844051053727637,-1.3662422622387418,0.017094559918854002
50,3,105.0,0,2.9345298418459147,0.11511377765337116,0.4711302820794881,0.11056746612516855,-0.10270226744240173,0.06093293884147255
51,4,93.0,0,1.3685952203742595,0.023291751061518373,-0.5090101853396012,0.04315554939238919,-0.9913771709970917,0.02559666288136475
52,2,101.0,0,2.7384116804158842,0.0682037398782207,-0.6041948551652767,0.03756201789793989,-0.7830142691422333,0.031094943893845595
53,4,85.0,0,0.0,0.0059790849142008495,-0.8246221829928839,0.03166243684253267,0.7862656492048646,0.14221252478462176
54,1,97.0,0,2.4075457989389597,0.022519024783116737,-0.5491285049930522,0.03777762005962704,-1.5543956785952484,0.013530635415979098
55,5,95.0,0,1.4575941905963565,0.027300632088301247,-0.5903831448324568,0.03844051053727637,-1.6404470483686497,0.013021708203951543
57,4,95.0,0,1.3685952203742595,0.023291751061518373,-0.5090101853396012,0.04315554939238919,-1.0291086643063183,0.0246606419958747
58,4,97.0,0,1.6151885848326066,0.02970786976470241,0.30198599272921745,0.09449640893171296,-0.14969739476797814,0.05839016145826614
59,3,98.0,0,1.5278786511162497,0.02951366085575613,-0.614323865100239,0.038801680627589374,0.9792750766878361,0.16930590550376123
60,3,65.0,0,2.947380237951893,0.11651229200540092,0.825362426648374,0.15378315568911094,-0.887864406714537,0.028263750726308712
61,4,72.0,1,1.9777953101864152,0.042413574737460435,-0.8246221829928839,0.03166243684253267,0.2851778092966147,0.08875181011612288
62,4,99.0,0,1.6151885848326066,0.02970786976470241,0.30198599272921745,0.09449640893171296,-0.8592446186626005,0.029159232466215212
63,1,100.0,0,3.9950507775367674,0.10542959534365914,0.8018568217733641,0.13816781253497767,-0.6668193307909572,0.03255188936628117
64,3,108.0,0,2.9345298418459147,0.11511377765337116,0.4711302820794881,0.11056746612516855,1.2396638448761736,0.21389575298714092
65,2,82.0,0,1.7430537010855505,0.025770445039261958,-0.6041948551652767,0.03756201789793989,-1.270242258054245,0.01921868151938433
66,3,103.0,0,0.0,0.006479656870237882,-0.8299361753106881,0.03139555043525877,-1.3778150542950165,0.01741202017028798
67,1,93.0,0,0.0,0.002048598977387517,-0.8745830232234028,0.02742847753270161,-1.8248929688980664,0.010340520538519415
68,5,96.0,0,0.0,0.006423117953220925,-0.7845341458817134,0.031766075220542644,-1.2695870126536102,0.018812909102625786
69,4,86.0,0,0.0,0.0059790849142008495,-0.8246221829928839,0.03166243684253267,-0.9939351173892575,0.025532113653191857
70,1,96.0,0,0.0,0.002048598977387517,-0.8745830232234028,0.02742847753270161,-1.8248929688980664,0.010340520538519415
71,2,88.0,0,0.0,0.004558150440178599,-0.8092468638611915,0.030706360254743825,-1.3914602046609885,0.01704350426357748
72,3,67.0,0,1.4195015868356435,0.02652287020178845,0.4711302820794881,0.11056746612516855,-0.4237844217191606,0.04457827719622953
73,4,37.0,1,2.9837838052068664,0.11176243643101325,0.7924447752484487,0.14964778901563314,1.1790613257565818,0.20323980972143996
74,3,100.0,0,1.4195015868356435,0.02652287020178845,0.4711302820794881,0.11056746612516855,0.7026519612837528,0.1312217073043862
75,2,87.0,1,5.140857152009728,0.5418670361497309,0.7583289418157384,0.13890051506705214,0.36777213260195885,0.09501919484834731
76,5,64.0,0,1.4575941905963565,0.027300632088301247,-0.5903831448324568,0.03844051053727637,-1.5472216833697514,0.014284918221266762
77,3,101.0,0,0.0,0.006479656870237882,-0.8299361753106881,0.03139555043525877,-1.3292460100018297,0.01827061518982409
78,5,104.0,0,2.819898157313658,0.10245879345001163,0.6996865546290987,0.1327352282209442,-0.6503096633340704,0.03466441951625032
79,1,26.0,0,3.087728901892298,0.04397016682590282,-0.8745830232234028,0.02742847753270161,0.14383131383272355,0.07173639903614248
80,4,96.0,0,3.592983895019022,0.19583133038639777,0.30198599272921745,0.09449640893171296,-0.6300435003963405,0.036531775511513764
81,5,100.0,0,1.4575941905963565,0.027300632088301247,-0.5903831448324568,0.03844051053727637,0.7163370695248213,0.12922562113652314
82,3,84.0,0,2.947380237951893,0.11651229200540092,0.825362426648374,0.15378315568911094,-0.9098778218668954,0.02765695750218844
83,3,94.0,0,1.5278786511162497,0.02951366085575613,-0.614323865100239,0.038801680627589374,0.5052399751389468,0.10905011711366319
84,1,94.0,0,0.0,0.002048598977387517,-0.8745830232234028,0.02742847753270161,-1.8248929688980664,0.010340520538519415
85,2,75.0,0,0.9953579793303339,0.012285062868868324,-0.8092468638611915,0.030706360254743825,-1.6993619139668394,0.012555258928958257
86,4,96.0,1,2.8051026155868675,0.0943691996921322,0.30198599272921745,0.09449640893171296,1.0734922711075645,0.18489532994191138
87,1,103.0,0,0.0,0.002048598977387517,-0.8745830232234028,0.02742847753270161,-1.836525207911054,0.010221547295094169
88,3,92.0,0,1.5278786511162497,0.02951366085575613,-0.614323865100239,0.038801680627589374,0.8614557518445977,0.15200223445840289
89,1,51.0,1,3.9950507775367674,0.10542959534365914,0.8018568217733641,0.13816781253497767,1.768486773139855,0.31470434407749615
90,2,84.0,0,1.7430537010855505,0.025770445039261958,-0.6041948551652767,0.03756201789793989,-1.4308968616512467,0.01638987765518851
91,3,106.0,0,3.7138750109871115,0.2340291279800213,0.4711302820794881,0.11056746612516855,1.7393170567443788,0.3274328714961716
92,1,100.0,0,3.9950507775367674,0.10542959534365914,0.8018568217733641,0.13816781253497767,-0.1261270926451983,0.05524342500924717
93,3,86.0,1,3.72672540709309,0.23666577459851823,0.825362426648374,0.15378315568911094,-0.3094241498379123,0.04984243436975966
94,1,99.0,0,3.9950507775367674,0.10542959534365914,0.8018568217733641,0.13816781253497767,1.8902134025086879,0.34742090968293804
95,1,68.0,0,1.587504978597808,0.009980916800461204,0.3809258961728551,0.09299605081719553,-0.7771769227127163,0.029200846193699892
96,1,63.0,1,2.4026078347962962,0.022409353021720646,-0.8745830232234028,0.02742847753270161,-1.1355465228828516,0.0204968717835059
97,4,76.0,0,1.3685952203742595,0.023291751061518373,-0.5090101853396012,0.04315554939238919,-1.4257781560944824,0.01665337528169697
98,4,98.0,0,0.0,0.0059790849142008495,-0.8246221829928839,0.03166243684253267,-1.7034823098787146,0.01264092798580796
99,2,100.0,0,0.0,0.004558150440178599,-0.8092468638611915,0.030706360254743825,-1.792385215713475,0.011446412278457996
100,2,55.0,1,3.143966959939739,0.10054944359008078,0.4880437920212279,0.10785554835766542,1.7128497666916593,0.3183508706738791
101,2,85.0,0,1.7978961755895324,0.02720329602602667,-0.792921182042995,0.03120380882135565,-1.2824510399596525,0.01898769962839786
102,3,29.0,1,4.574759041166258,0.46772881976851166,0.825362426648374,0.15378315568911094,2.053151821985138,0.41893054954860753
103,3,28.0,0,0.0,0.006479656870237882,-0.8299361753106881,0.03139555043525877,-1.7851374920561933,0.011620486420659826
104,2,95.0,0,0.0,0.004558150440178599,-0.8092468638611915,0.030706360254743825,-1.792385215713475,0.011446412278457996
105,1,96.0,0,0.0,0.002048598977387517,-0.8745830232234028,0.02742847753270161,-1.4081799842978988,0.015644231936209785
106,1,100.0,0,3.990112813394104,0.10493852863237729,0.3809258961728551,0.09299605081719553,-0.12696176802514517,0.05519863008716752
107,2,87.0,0,4.084482464766091,0.23770691738914695,0.7583289418157384,0.13890051506705214,-0.07867523468924813,0.061890265535782696
108,1,100.0,0,2.4026078347962962,0.022409353021720646,-0.8745830232234028,0.02742847753270161,-1.0801737741199133,0.021651128279740917
109,1,77.0,0,2.4075457989389597,0.022519024783116737,-0.5491285049930522,0.03777762005962704,-0.9934572572917376,0.023589139906907475
110,4,89.0,0,1.3685952203742595,0.023291751061518373,-0.5090101853396012,0.04315554939238919,-1.6714557141775703,0.013049630692140934
111,3,102.0,0,1.4195015868356435,0.02652287020178845,0.4711302820794881,0.11056746612516855,-0.4237844217191606,0.04457827719622953
112,2,100.0,0,1.7430537010855505,0.025770445039261958,-0.6041948551652767,0.03756201789793989,-1.7329692946730106,0.012142850801544536
113,1,51.0,1,4.037202826530627,0.10971022938950326,-0.5491285049930522,0.03777762005962704,0.8162372935301742,0.13568927578924217
114,1,81.0,0,4.680171844632769,0.1983170663546776,0.8018568217733641,0.13816781253497767,-0.19993649675086117,0.05141567827580218
115,5,73.0,0,3.5255580441217047,0.19660970942136624,0.6996865546290987,0.1327352282209442,-0.47659833609380503,0.04110378396481418
116,3,107.0,0,1.5278786511162497,0.02951366085575613,-0.614323865100239,0.038801680627589374,-1.6248920057804457,0.013626296890335232
117,5,30.0,1,3.985350192456653,0.292986076500216,0.6996865546290987,0.1327352282209442,1.3637478650817931,0.23231249857345704
118,1,89.0,0,0.0,0.002048598977387517,-0.8745830232234028,0.02742847753270161,-1.836525207911054,0.010221547295094169
119,2,91.0,0,1.7978961755895324,0.02720329602602667,-0.792921182042995,0.03120380882135565,0.36145776376004524,0.09445028080293394
120,5,101.0,0,1.5302145979895614,0.029326536377281,-0.7845341458817134,0.031766075220542644,-0.5389464681425236,0.0386679829440949
121,5,43.0,1,2.8925185647068625,0.1097369537476085,0.49628111428772936,0.10970271740507431,1.7545446152570738,0.3234739868399832
122,4,93.0,0,1.6151885848326066,0.02970786976470241,0.30198599272921745,0.09449640893171296,-1.0034114947879738,0.02529437620029884
123,3,102.0,0,1.4195015868356435,0.02652287020178845,0.4711302820794881,0.11056746612516855,1.6370835743154561,0.301001077631464
125,2,70.0,0,0.0,0.004558150440178599,-0.8092468638611915,0.030706360254743825,-1.792385215713475,0.011446412278457996
127,4,101.0,0,1.1899140307542608,0.019518041660998353,-0.8246221829928839,0.03166243684253267,-1.0614955468089105,0.023884217589036694
128,2,103.0,0,1.3460707843502069,0.017400641422802843,0.4717181167900975,0.10620527200074026,-1.0460559279463855,0.023990061369706273
129,1,73.0,0,3.347143795291962,0.056617873134532815,-0.8745830232234028,0.02742847753270161,-0.5513437858955978,0.036462975412211995
131,3,94.0,0,1.5150282550102712,0.029142370478626556,-0.8299361753106881,0.03139555043525877,-1.3117673369186833,0.018589755561689514
132,2,94.0,0,3.143966959939739,0.10054944359008078,0.4880437920212279,0.10785554835766542,1.4699576600787636,0.25962378502225525
134,2,86.0,0,0.0,0.004558150440178599,-0.8092468638611915,0.030706360254743825,-1.3914602046609885,0.01704350426357748
135,1,91.0,0,3.990112813394104,0.10493852863237729,0.3809258961728551,0.09299605081719553,-0.6554486120216255,0.032917945278921
136,4,95.0,0,2.9837838052068664,0.11176243643101325,0.7924447752484487,0.14964778901563314,1.5745328551167266,0.28638625111477956
137,4,100.0,0,2.9837838052068664,0.11176243643101325,0.7924447752484487,0.14964778901563314,0.1339154261063183,0.07678511888311468
138,2,76.0,0,1.7430537010855505,0.025770445039261958,-0.6041948551652767,0.03756201789793989,-1.3154840402257097,0.018376429828074192
139,1,102.0,0,2.4075457989389597,0.022519024783116737,-0.5491285049930522,0.03777762005962704,-1.5385700780097347,0.013744979087913833
140,5,101.0,0,0.0,0.006423117953220925,-0.7845341458817134,0.031766075220542644,-1.645173168094586,0.01296071085921302
141,3,88.0,0,0.0,0.006479656870237882,-0.8299361753106881,0.03139555043525877,-1.4072117693759965,0.016911904080734175
142,4,86.0,0,4.017424811900144,0.28336035924055103,0.7924447752484487,0.14964778901563314,-0.1471395828382588,0.05853523905759006
143,5,101.0,0,2.819898157313658,0.10245879345001163,0.6996865546290987,0.1327352282209442,-0.3403065779858439,0.04696255657396087
144,1,99.0,0,0.0,0.002048598977387517,-0.8745830232234028,0.02742847753270161,-1.836525207911054,0.010221547295094169
145,5,83.0,0,0.0,0.006423117953220925,-0.7845341458817134,0.031766075220542644,-1.6542797164816418,0.01284397709747509
146,4,94.0,0,1.3685952203742595,0.023291751061518373,-0.5090101853396012,0.04315554939238919,-1.3270343119848984,0.018365756588461513
147,3,92.0,0,2.947380237951893,0.11651229200540092,0.825362426648374,0.15378315568911094,-0.9114239388708073,0.027614825121713538
148,3,89.0,0,0.0,0.006479656870237882,-0.8299361753106881,0.03139555043525877,-1.8280990333827496,0.011134555301247073
149,2,88.0,0,4.139324939270073,0.24928222285064927,0.4880437920212279,0.10785554835766542,0.6566967222402655,0.12478662886825609
150,4,99.0,0,1.3685952203742595,0.023291751061518373,-0.5090101853396012,0.04315554939238919,-1.2062348337925608,0.02069932799726182
151,2,98.0,0,4.200341647183375,0.26270360842616236,0.4880437920212279,0.10785554835766542,1.7128497666916593,0.3183508706738791
152,4,105.0,0,1.3685952203742595,0.023291751061518373,-0.5090101853396012,0.04315554939238919,-1.2341678928357205,0.020134913046589986
153,2,93.0,0,1.7430537010855505,0.025770445039261958,-0.6041948551652767,0.03756201789793989,-0.7465620265971638,0.03223053374778573
154,1,100.0,0,0.0,0.002048598977387517,-0.8745830232234028,0.02742847753270161,-1.4081799842978988,0.015644231936209785
155,1,99.0,0,2.4075457989389597,0.022519024783116737,-0.5491285049930522,0.03777762005962704,-1.072592617859325,0.021814082376072075
156,5,101.0,0,3.985350192456653,0.292986076500216,0.6996865546290987,0.1327352282209442,-0.1861701865310422,0.05457161040602643
157,5,76.0,0,0.0,0.006423117953220925,-0.7845341458817134,0.031766075220542644,-1.645173168094586,0.01296071085921302
158,1,105.0,0,3.9950507775367674,0.10542959534365914,0.8018568217733641,0.13816781253497767,1.8357158895609904,0.3324791252541307
159,5,98.0,0,1.3623039667173014,0.02485035486195275,0.49628111428772936,0.10970271740507431,-0.5386834039788401,0.03867795711125066
160,5,90.0,0,0.7056598868080468,0.012965161311779383,-0.7845341458817134,0.031766075220542644,-0.6084890496475832,0.03611779126278403
161,1,81.0,0,0.0,0.002048598977387517,-0.8745830232234028,0.02742847753270161,-1.8248929688980664,0.010340520538519415
162,2,73.0,0,0.0,0.004558150440178599,-0.8092468638611915,0.030706360254743825,0.5522340780599928,0.11313860239740714
163,3,106.0,0,1.5278786511162497,0.02951366085575613,-0.614323865100239,0.038801680627589374,-1.7185036295685987,0.012416194041300788
164,3,97.0,0,1.4195015868356435,0.02652287020178845,0.4711302820794881,0.11056746612516855,1.8580155274105599,0.3602281870634718
165,1,94.0,0,0.0,0.002048598977387517,-0.8745830232234028,0.02742847753270161,-1.8248929688980664,0.010340520538519415
166,5,90.0,0,2.8925185647068625,0.1097369537476085,0.49628111428772936,0.10970271740507431,-0.4119676427114957,0.04378712664390727
167,5,66.0,1,3.985350192456653,0.292986076500216,0.6996865546290987,0.1327352282209442,1.0840330078245546,0.1811590713228033
168,2,91.0,0,1.3460707843502069,0.017400641422802843,0.4717181167900975,0.10620527200074026,-1.1054718782637278,0.022621964244088355
169,4,94.0,0,1.3685952203742595,0.023291751061518373,-0.5090101853396012,0.04315554939238919,-0.0628575896224421,0.06351567387401624
170,2,92.0,0,0.9953579793303339,0.012285062868868324,-0.8092468638611915,0.030706360254743825,-1.758777816681335,0.011835309418272266
171,1,99.0,0,2.4075457989389597,0.022519024783116737,-0.5491285049930522,0.03777762005962704,-1.4352351128609258,0.015229845921223006
172,1,63.0,0,3.087728901892298,0.04397016682590282,-0.8745830232234028,0.02742847753270161,-1.441637617683779,0.01513338746098658
173,2,71.0,1,3.0891244854357574,0.09544843214680787,0.7583289418157384,0.13890051506705214,0.06663553684673834,0.07121724526206175
174,5,101.0,0,0.0,0.006423117953220925,-0.7845341458817134,0.031766075220542644,-1.6542797164816418,0.01284397709747509
175,5,99.0,0,1.4575941905963565,0.027300632088301247,-0.5903831448324568,0.03844051053727637,-1.0589284939128736,0.023172887283558374
176,1,37.0,0,0.0,0.002048598977387517,-0.8745830232234028,0.02742847753270161,-1.8248929688980664,0.010340520538519415
177,5,92.0,0,4.057970599849858,0.31121046757396975,0.49628111428772936,0.10970271740507431,0.5707688431852668,0.11274885095744591
178,1,104.0,0,0.0,0.002048598977387517,-0.8745830232234028,0.02742847753270161,-1.8248929688980664,0.010340520538519415
179,3,93.0,0,0.0,0.006479656870237882,-0.8299361753106881,0.03139555043525877,-1.3778150542950165,0.01741202017028798
180,2,95.0,0,1.7430537010855505,0.025770445039261958,-0.6041948551652767,0.03756201789793989,1.0320203708775921,0.17633801495727153
181,1,70.0,0,1.587504978597808,0.009980916800461204,0.3809258961728551,0.09299605081719553,-0.5322586876924326,0.03715234354406227
184,1,92.0,0,3.347143795291962,0.056617873134532815,-0.8745830232234028,0.02742847753270161,-1.0746402446731085,0.021769950245593583
185,3,42.0,1,3.7825634759190834,0.2484126532475308,0.4711302820794881,0.11056746612516855,-0.562475367256347,0.03891919500157903
186,4,96.0,0,0.7878812794321544,0.013099317605595573,-0.8246221829928839,0.03166243684253267,-1.0867703362910353,0.023295112347035518
187,5,108.0,0,2.819898157313658,0.10245879345001163,0.6996865546290987,0.1327352282209442,-0.7117812468386008,0.032631820171469594
188,3,96.0,0,0.0,0.006479656870237882,-0.8299361753106881,0.03139555043525877,-1.3538948056733109,0.017829761289380408
189,1,98.0,0,0.0,0.002048598977387517,-0.8745830232234028,0.02742847753270161,-1.8248929688980664,0.010340520538519415
190,4,100.0,0,1.3685952203742595,0.023291751061518373,-0.5090101853396012,0.04315554939238919,-1.0004649249464115,0.025368062907776046
191,3,102.0,0,1.5278786511162497,0.02951366085575613,-0.614323865100239,0.038801680627589374,0.6468512305782931,0.12456376159860705
192,1,87.0,0,3.9950507775367674,0.10542959534365914,0.8018568217733641,0.13816781253497767,-0.022791966361931478,0.061070083485697646
193,4,91.0,0,2.4022362270675375,0.06410718879530763,-0.5090101853396012,0.04315554939238919,-0.09031817714763472,0.061849578865627586
194,4,108.0,0,0.0,0.0059790849142008495,-0.8246221829928839,0.03166243684253267,-1.7433088707611717,0.012150387643354077
195,4,88.0,0,0.0,0.0059790849142008495,-0.8246221829928839,0.03166243684253267,-1.0867703362910353,0.023295112347035518
196,4,67.0,0,0.0,0.0059790849142008495,-0.8246221829928839,0.03166243684253267,-1.7433088707611717,0.012150387643354077
197,1,104.0,0,2.4075457989389597,0.022519024783116737,-0.5491285049930522,0.03777762005962704,-1.3830843250544933,0.01603859682321951
198,2,97.0,0,0.0,0.004558150440178599,-0.8092468638611915,0.030706360254743825,-1.792385215713475,0.011446412278457996
199,5,103.0,0,1.4575941905963565,0.027300632088301247,-0.5903831448324568,0.03844051053727637,-0.9503167190705822,0.02579692566389713
200,4,98.0,0,0.0,0.0059790849142008495,-0.8246221829928839,0.03166243684253267,-1.7034823098787146,0.01264092798580796
201,5,75.0,0,1.1654520351429951,0.020455663619880493,-0.7845341458817134,0.031766075220542644,-1.2720769994063437,0.018766565258570234
202,5,92.0,0,0.7056598868080468,0.012965161311779383,-0.7845341458817134,0.031766075220542644,-1.246954425733965,0.019239379620175523
203,1,39.0,0,0.0,0.002048598977387517,-0.8745830232234028,0.02742847753270161,-0.130651767832991,0.0550010191636221
204,5,95.0,0,1.4575941905963565,0.027300632088301247,-0.5903831448324568,0.03844051053727637,-1.5768996307344771,0.013870110921219259
205,1,102.0,0,1.629657027591667,0.010408381902699215,-0.8745830232234028,0.02742847753270161,-1.3833661041293237,0.01603411454084025
206,2,48.0,0,1.7430537010855505,0.025770445039261958,-0.6041948551652767,0.03756201789793989,-0.9436847427461458,0.02654144943552683
208,4,95.0,0,1.3685952203742595,0.023291751061518373,-0.5090101853396012,0.04315554939238919,-1.141664140895376,0.02206465184552553
209,5,80.0,1,3.5255580441217047,0.19660970942136624,0.6996865546290987,0.1327352282209442,-0.28134128955461163,0.049742872057298215
210,2,103.0,0,1.3460707843502069,0.017400641422802843,0.4717181167900975,0.10620527200074026,-0.6945942357216848,0.033920283531986506
211,2,92.0,0,3.0891244854357574,0.09544843214680787,0.7583289418157384,0.13890051506705214,-0.6016841009069129,0.03716076456264661
212,2,86.0,0,1.7430537010855505,0.025770445039261958,-0.6041948551652767,0.03756201789793989,-1.792385215713475,0.011446412278457996
213,2,105.0,0,1.3460707843502069,0.017400641422802843,0.4717181167900975,0.10620527200074026,-1.1054718782637278,0.022621964244088355
214,1,99.0,0,2.4075457989389597,0.022519024783116737,-0.5491285049930522,0.03777762005962704,-0.9341838695747217,0.025011455480964284
215,1,107.0,0,0.0,0.002048598977387517,-0.8745830232234028,0.02742847753270161,-1.8248929688980664,0.010340520538519415
216,3,85.0,0,0.0,0.006479656870237882,-0.8299361753106881,0.03139555043525877,-1.8280990333827496,0.011134555301247073
218,2,33.0,0,3.143966959939739,0.10054944359008078,0.4880437920212279,0.10785554835766542,1.3451147145175313,0.23303754674679622
219,3,88.0,0,2.947380237951893,0.11651229200540092,0.825362426648374,0.15378315568911094,-0.3207992551747587,0.04929281372828642
220,2,64.0,1,3.0891244854357574,0.09544843214680787,0.7583289418157384,0.13890051506705214,-0.6945942357216848,0.033920283531986506
221,5,57.0,0,2.8925185647068625,0.1097369537476085,0.49628111428772936,0.10970271740507431,-0.13586878504523356,0.05730463980593303
222,5,94.0,0,1.4575941905963565,0.027300632088301247,-0.5903831448324568,0.03844051053727637,0.9165551508003288,0.1555293174708251
224,2,101.0,0,1.3460707843502069,0.017400641422802843,0.4717181167900975,0.10620527200074026,-1.0955191854402602,0.022845633359092843
225,4,93.0,0,0.0,0.0059790849142008495,-0.8246221829928839,0.03166243684253267,-1.7034823098787146,0.01264092798580796
226,4,33.0,0,1.9777953101864152,0.042413574737460435,-0.8246221829928839,0.03166243684253267,-0.6951425280776371,0.034269273602874795
227,1,89.0,0,1.587504978597808,0.009980916800461204,0.3809258961728551,0.09299605081719553,-0.5322586876924326,0.03715234354406227
228,5,99.0,0,0.0,0.006423117953220925,-0.7845341458817134,0.031766075220542644,-1.6313405181844485,0.013140046279845108
229,2,15.0,1,3.0891244854357574,0.09544843214680787,0.7583289418157384,0.13890051506705214,0.786643648684336,0.14082582398610222
230,5,73.0,0,0.0,0.006423117953220925,-0.7845341458817134,0.031766075220542644,-1.645173168094586,0.01296071085921302
231,2,41.0,0,0.0,0.004558150440178599,-0.8092468638611915,0.030706360254743825,-0.3159760354757468,0.049143565561548974
232,1,101.0,0,0.0,0.002048598977387517,-0.8745830232234028,0.02742847753270161,-1.8248929688980664,0.010340520538519415
233,4,100.0,0,2.9837838052068664,0.11176243643101325,0.7924447752484487,0.14964778901563314,-0.5718068107334429,0.038679526316945156
234,3,89.0,0,0.0,0.006479656870237882,-0.8299361753106881,0.03139555043525877,-1.7604887299669363,0.011908742770525338
237,2,101.0,0,0.0,0.004558150440178599,-0.8092468638611915,0.030706360254743825,-1.758777816681335,0.011835309418272266
238,3,94.0,0,1.5150282550102712,0.029142370478626556,-0.8299361753106881,0.03139555043525877,-1.6206567205396747,0.013683733025484424
243,5,100.0,0,2.819898157313658,0.10245879345001163,0.6996865546290987,0.1327352282209442,-0.05408821225965344,0.06203343494879898
245,3,94.0,0,3.7825634759190834,0.2484126532475308,0.4711302820794881,0.11056746612516855,1.6064590652455777,0.2934105544928085
246,5,77.0,1,2.819898157313658,0.10245879345001163,0.6996865546290987,0.1327352282209442,-0.27540613862183866,0.050031447634016346
247,2,47.0,0,1.3460707843502069,0.017400641422802843,0.4717181167900975,0.10620527200074026,-1.0567600366238115,0.023737694601442372
248,3,98.0,0,2.947380237951893,0.11651229200540092,0.825362426648374,0.15378315568911094,-0.4566221492864754,0.04316975036736426
249,5,93.0,0,2.819898157313658,0.10245879345001163,0.6996865546290987,0.1327352282209442,-0.7950308757834055,0.030064836270119133
252,4,8.0,1,3.8387436222801457,0.24320615534253331,0.30198599272921745,0.09449640893171296,1.2827251875017158,0.2227694080149143
253,4,97.0,0,2.9837838052068664,0.11176243643101325,0.7924447752484487,0.14964778901563314,0.22678167780149208,0.08393510819160754
254,5,66.0,0,0.0,0.006423117953220925,-0.7845341458817134,0.031766075220542644,-1.6542797164816418,0.01284397709747509
255,2,99.0,0,1.7430537010855505,0.025770445039261958,-0.6041948551652767,0.03756201789793989,-1.758777816681335,0.011835309418272266
257,1,90.0,0,2.4075457989389597,0.022519024783116737,-0.5491285049930522,0.03777762005962704,-1.394998288356564,0.015850160771663346
258,3,92.0,0,2.947380237951893,0.11651229200540092,0.825362426648374,0.15378315568911094,-0.8906380819457902,0.028186578715337585
260,4,83.0,0,1.3685952203742595,0.023291751061518373,-0.5090101853396012,0.04315554939238919,-1.3599486303058317,0.01777641782617989
261,1,87.0,0,0.0,0.002048598977387517,-0.8745830232234028,0.02742847753270161,-1.394998288356564,0.015850160771663346
263,1,88.0,0,3.990112813394104,0.10493852863237729,0.3809258961728551,0.09299605081719553,-0.29382939870667757,0.04691773010443823
265,5,107.0,0,2.235874484797608,0.05849900783283468,-0.7845341458817134,0.031766075220542644,0.1111029612271435,0.07276100071514968
266,2,105.0,0,3.0891244854357574,0.09544843214680787,0.7583289418157384,0.13890051506705214,-0.18174339201609876,0.05600222977409752
267,2,95.0,0,0.0,0.004558150440178599,-0.8092468638611915,0.030706360254743825,-1.792385215713475,0.011446412278457996
268,5,59.0,0,1.5302145979895614,0.029326536377281,-0.7845341458817134,0.031766075220542644,-1.405774087091714,0.01643744025696614
269,2,7.0,1,4.200341647183375,0.26270360842616236,0.4880437920212279,0.10785554835766542,1.7128497666916593,0.3183508706738791
270,3,89.0,0,0.0,0.006479656870237882,-0.8299361753106881,0.03139555043525877,-1.3512593425634956,0.01787638985956075
271,2,86.0,0,0.0,0.004558150440178599,-0.8092468638611915,0.030706360254743825,-1.792385215713475,0.011446412278457996
272,2,93.0,0,1.7978961755895324,0.02720329602602667,-0.792921182042995,0.03120380882135565,0.6027302272579161,0.11863651335933434
273,1,3.0,1,3.990112813394104,0.10493852863237729,0.3809258961728551,0.09299605081719553,1.7755254580663513,0.3165311897752727
274,4,85.0,0,2.9837838052068664,0.11176243643101325,0.7924447752484487,0.14964778901563314,-0.20363974103183877,0.055410513437551434
275,5,99.0,0,0.0,0.006423117953220925,-0.7845341458817134,0.031766075220542644,-0.23126537566050254,0.05222934426255432
276,5,46.0,0,1.4575941905963565,0.027300632088301247,-0.5903831448324568,0.03844051053727637,-1.4436278245787462,0.015831710697684298
277,1,49.0,1,3.9950507775367674,0.10542959534365914,0.8018568217733641,0.13816781253497767,1.6111657165584514,0.27594881008477445
278,5,73.0,0,2.819898157313658,0.10245879345001163,0.6996865546290987,0.1327352282209442,0.20120785994310494,0.07934222616668674
280,3,83.0,1,1.5278786511162497,0.02951366085575613,-0.614323865100239,0.038801680627589374,-1.6126654018805928,0.013792761553163557
283,3,89.0,0,3.72672540709309,0.23666577459851823,0.825362426648374,0.15378315568911094,-0.7056623341921363,0.033815936676926506
285,4,33.0,0,0.0,0.0059790849142008495,-0.8246221829928839,0.03166243684253267,-1.7433088707611717,0.012150387643354077
286,5,78.0,0,0.0,0.006423117953220925,-0.7845341458817134,0.031766075220542644,-0.2170558318965256,0.05295664963354452
288,1,8.0,0,1.587504978597808,0.009980916800461204,0.3809258961728551,0.09299605081719553,-0.4500822858939413,0.04026942981969639
289,2,94.0,0,2.854270862833169,0.07625432234387741,-0.792921182042995,0.03120380882135565,-0.8519864881566533,0.02905295806070074
290,3,100.0,0,2.947380237951893,0.11651229200540092,0.825362426648374,0.15378315568911094,-0.4503026575787453,0.043437393516380096
292,5,101.0,0,0.0,0.006423117953220925,-0.7845341458817134,0.031766075220542644,-1.6313405181844485,0.013140046279845108
293,2,93.0,0,4.139324939270073,0.24928222285064927,0.4880437920212279,0.10785554835766542,1.6076607834330745,0.29176220523500274
294,1,102.0,0,1.587504978597808,0.009980916800461204,0.3809258961728551,0.09299605081719553,-0.8541469674328365,0.027067132350499734
295,1,102.0,0,3.9950507775367674,0.10542959534365914,0.8018568217733641,0.13816781253497767,-0.2413349794230295,0.049382975411902175
296,3,107.0,0,3.7825634759190834,0.2484126532475308,0.4711302820794881,0.11056746612516855,1.5345332462621126,0.27617270301005814
298,2,54.0,0,3.143966959939739,0.10054944359008078,0.4880437920212279,0.10785554835766542,0.3879184733459308,0.0968561043901458
300,5,53.0,0,1.4575941905963565,0.027300632088301247,-0.5903831448324568,0.03844051053727637,1.0911790520580964,0.18233192653224706
301,5,101.0,0,1.5302145979895614,0.029326536377281,-0.7845341458817134,0.031766075220542644,-1.405774087091714,0.01643744025696614
302,3,90.0,0,0.0,0.006479656870237882,-0.8299361753106881,0.03139555043525877,-0.8980087590589877,0.027982511865946247
303,2,101.0,0,3.0891244854357574,0.09544843214680787,0.7583289418157384,0.13890051506705214,-0.633521835355844,0.036017516932211224
304,5,96.0,0,4.057970599849858,0.31121046757396975,0.49628111428772936,0.10970271740507431,0.9716211950120136,0.1635721195103681
305,1,103.0,0,3.9950507775367674,0.10542959534365914,0.8018568217733641,0.13816781253497767,0.8889128230701752,0.14513806251103423
308,3,100.0,0,1.5278786511162497,0.02951366085575613,-0.614323865100239,0.038801680627589374,-1.772301808962386,0.011769717786928924
309,5,90.0,0,2.8925185647068625,0.1097369537476085,0.49628111428772936,0.10970271740507431,-0.7056035498640937,0.03283067740874257
310,1,103.0,0,4.934648773889769,0.24805881816290243,0.3809258961728551,0.09299605081719553,0.9387341463070338,0.15195869771639103
311,4,88.0,0,0.0,0.0059790849142008495,-0.8246221829928839,0.03166243684253267,-1.7034823098787146,0.01264092798580796
312,5,82.0,0,0.0,0.006423117953220925,-0.7845341458817134,0.031766075220542644,-1.6542797164816418,0.01284397709747509
314,4,104.0,0,2.9837838052068664,0.11176243643101325,0.7924447752484487,0.14964778901563314,0.13667212030219136,0.07698870699291782
315,3,98.0,0,2.947380237951893,0.11651229200540092,0.825362426648374,0.15378315568911094,-0.9007001315069935,0.02790836116963724
316,5,100.0,0,2.8925185647068625,0.1097369537476085,0.49628111428772936,0.10970271740507431,-0.6929096246645068,0.03324303466294143
317,2,100.0,0,3.143966959939739,0.10054944359008078,0.4880437920212279,0.10785554835766542,0.16931800959257218,0.07860808981554435
319,2,94.0,0,0.0,0.004558150440178599,-0.8092468638611915,0.030706360254743825,-1.7329692946730106,0.012142850801544536
320,5,10.0,1,4.6910100792647,0.5044766402764642,0.6996865546290987,0.1327352282209442,1.9394067188344966,0.3750815622100945
321,5,17.0,0,2.819898157313658,0.10245879345001163,0.6996865546290987,0.1327352282209442,-0.28448031471815727,0.049590903973688705
323,2,98.0,0,3.0891244854357574,0.09544843214680787,0.7583289418157384,0.13890051506705214,-1.1054718782637278,0.022621964244088355
324,3,65.0,0,2.36306188908344,0.0667294701827168,-0.8299361753106881,0.03139555043525877,0.7681658034557278,0.13945687648591032
325,2,84.0,0,3.0891244854357574,0.09544843214680787,0.7583289418157384,0.13890051506705214,-0.19080600120002192,0.05551128750366707
326,4,66.0,0,2.1564764998064136,0.05049851028456931,-0.5090101853396012,0.04315554939238919,-1.296344386310111,0.018932686183390945
328,4,105.0,0,2.8051026155868675,0.0943691996921322,0.30198599272921745,0.09449640893171296,0.4316157944032453,0.10201050457657734
329,5,50.0,0,1.4575941905963565,0.027300632088301247,-0.5903831448324568,0.03844051053727637,0.268076985834311,0.08459049448702405
330,5,92.0,0,1.4575941905963565,0.027300632088301247,-0.5903831448324568,0.03844051053727637,-1.3917575988329065,0.01666751334710792
332,5,88.0,0,2.819898157313658,0.10245879345001163,0.6996865546290987,0.1327352282209442,-0.27540613862183866,0.050031447634016346
333,2,101.0,0,3.143966959939739,0.10054944359008078,0.4880437920212279,0.10785554835766542,-0.15483537418111912,0.057484840868365694
334,5,95.0,0,1.4575941905963565,0.027300632088301247,-0.5903831448324568,0.03844051053727637,-0.09268241221001948,0.059756554366764636
335,2,99.0,0,0.0,0.004558150440178599,-0.8092468638611915,0.030706360254743825,-1.758777816681335,0.011835309418272266
336,3,104.0,0,3.155257454330615,0.14144228766615463,-0.614323865100239,0.038801680627589374,0.13673669044262057,0.07676969149850676
337,5,49.0,1,2.819898157313658,0.10245879345001163,0.6996865546290987,0.1327352282209442,1.0968993744341504,0.1832756195586418
338,1,82.0,0,2.4026078347962962,0.022409353021720646,-0.8745830232234028,0.02742847753270161,-1.1355465228828516,0.0204968717835059
340,3,93.0,0,0.0,0.006479656870237882,-0.8299361753106881,0.03139555043525877,-1.8280990333827496,0.011134555301247073
341,2,95.0,0,3.0891244854357574,0.09544843214680787,0.7583289418157384,0.13890051506705214,-0.24115965095957484,0.05285868306945285
343,5,88.0,1,2.819898157313658,0.10245879345001163,0.6996865546290987,0.1327352282209442,1.5783217123555233,0.27938175871247506
344,1,96.0,0,1.587504978597808,0.009980916800461204,0.3809258961728551,0.09299605081719553,-0.4500822858939413,0.04026942981969639
345,3,105.0,0,2.9345298418459147,0.11511377765337116,0.4711302820794881,0.11056746612516855,-0.39225733377532257,0.045972762494140285
346,3,105.0,0,2.947380237951893,0.11651229200540092,0.825362426648374,0.15378315568911094,1.723306027526996,0.32318214945198875
347,5,104.0,0,0.0,0.006423117953220925,-0.7845341458817134,0.031766075220542644,-1.2306319904691843,0.019552874515086915
349,3,104.0,0,2.9345298418459147,0.11511377765337116,0.4711302820794881,0.11056746612516855,1.335578675939606,0.2327116256819609
351,3,106.0,0,1.5278786511162497,0.02951366085575613,-0.614323865100239,0.038801680627589374,-1.6541263761277,0.013236317129056263
353,3,59.0,0,0.0,0.006479656870237882,-0.8299361753106881,0.03139555043525877,-0.06822764486479105,0.06300144705456145
354,2,100.0,0,3.0891244854357574,0.09544843214680787,0.7583289418157384,0.13890051506705214,-0.1706210522369905,0.05661051087693747
356,3,51.0,1,2.9345298418459147,0.11511377765337116,0.4711302820794881,0.11056746612516855,0.05753904950066037,0.07113748036854317
357,5,96.0,0,1.5302145979895614,0.029326536377281,-0.7845341458817134,0.031766075220542644,0.8306779195055638,0.1436995736105091
359,1,88.0,0,2.4075457989389597,0.022519024783116737,-0.5491285049930522,0.03777762005962704,-1.5825934264191088,0.01315691688399856
360,3,97.0,0,2.947380237951893,0.11651229200540092,0.825362426648374,0.15378315568911094,-0.8526383366334604,0.02926214438599195
361,4,11.0,1,1.3685952203742595,0.023291751061518373,-0.5090101853396012,0.04315554939238919,-0.09031817714763472,0.061849578865627586
362,2,104.0,0,1.7430537010855505,0.025770445039261958,-0.6041948551652767,0.03756201789793989,-1.3954066252422084,0.016976949048384316
364,4,90.0,0,0.0,0.0059790849142008495,-0.8246221829928839,0.03166243684253267,-1.7433088707611717,0.012150387643354077
365,3,16.0,1,2.9345298418459147,0.11511377765337116,0.4711302820794881,0.11056746612516855,1.7670345404639458,0.3348890231642849
368,4,100.0,0,1.1899140307542608,0.019518041660998353,-0.8246221829928839,0.03166243684253267,-0.9940396394669843,0.025529479479823092
369,5,73.0,0,3.5255580441217047,0.19660970942136624,0.6996865546290987,0.1327352282209442,1.9394067188344966,0.3750815622100945
370,3,104.0,0,1.5278786511162497,0.02951366085575613,-0.614323865100239,0.038801680627589374,-1.3538948056733109,0.017829761289380408
372,3,106.0,0,1.5278786511162497,0.02951366085575613,-0.614323865100239,0.038801680627589374,1.0686159943734805,0.1835819000149741
373,3,107.0,0,1.4195015868356435,0.02652287020178845,0.4711302820794881,0.11056746612516855,-0.9079829076169763,0.02770868118912717
375,2,21.0,1,4.145499172679394,0.2506141544137537,0.7583289418157384,0.13890051506705214,1.8595445354331182,0.3584013684884153
376,4,96.0,0,2.9837838052068664,0.11176243643101325,0.7924447752484487,0.14964778901563314,-1.0034114947879738,0.02529437620029884
377,3,90.0,0,1.5278786511162497,0.02951366085575613,-0.614323865100239,0.038801680627589374,-1.6541263761277,0.013236317129056263
379,1,104.0,0,2.4075457989389597,0.022519024783116737,-0.5491285049930522,0.03777762005962704,-1.836525207911054,0.010221547295094169
381,2,107.0,0,2.7384116804158842,0.0682037398782207,-0.6041948551652767,0.03756201789793989,-0.2880627404217456,0.05049892654593857
383,4,93.0,1,1.3685952203742595,0.023291751061518373,-0.5090101853396012,0.04315554939238919,0.8508028670232403,0.15093988527952096
384,4,83.0,0,1.3685952203742595,0.023291751061518373,-0.5090101853396012,0.04315554939238919,-0.05343012477467692,0.06409759209353749
385,2,49.0,1,3.143966959939739,0.10054944359008078,0.4880437920212279,0.10785554835766542,1.3617929196038625,0.23645220527239386
387,4,107.0,0,2.8051026155868675,0.0943691996921322,0.30198599272921745,0.09449640893171296,1.311499232321937,0.22846644893996293
388,2,78.0,0,1.7430537010855505,0.025770445039261958,-0.6041948551652767,0.03756201789793989,0.034873397929383355,0.06906953319341802
390,4,108.0,0,1.1899140307542608,0.019518041660998353,-0.8246221829928839,0.03166243684253267,-1.327771938220786,0.018352339551505614
391,3,5.0,0,2.9345298418459147,0.11511377765337116,0.4711302820794881,0.11056746612516855,1.7393170567443788,0.3274328714961716
392,3,98.0,0,2.947380237951893,0.11651229200540092,0.825362426648374,0.15378315568911094,1.3330143728263468,0.2321909247389743
393,4,105.0,0,1.3685952203742595,0.023291751061518373,-0.5090101853396012,0.04315554939238919,-0.41230651335026586,0.04521479546803642
394,3,80.0,1,2.947380237951893,0.11651229200540092,0.825362426648374,0.15378315568911094,1.5454183606125613,0.27872858342090223
395,3,98.0,0,2.947380237951893,0.11651229200540092,0.825362426648374,0.15378315568911094,0.19507704991651675,0.08118933170020337
396,4,81.0,0,0.0,0.0059790849142008495,-0.8246221829928839,0.03166243684253267,-1.7433088707611717,0.012150387643354077
397,4,24.0,1,4.017424811900144,0.28336035924055103,0.7924447752484487,0.14964778901563314,1.0739035707730302,0.1849638797109473
398,2,106.0,0,3.0891244854357574,0.09544843214680787,0.7583289418157384,0.13890051506705214,1.6832452003705658,0.3106877120512902
399,1,100.0,0,2.4075457989389597,0.022519024783116737,-0.5491285049930522,0.03777762005962704,-1.4468673666460936,0.015055047448754189
400,4,89.0,0,1.6151885848326066,0.02970786976470241,0.30198599272921745,0.09449640893171296,-0.14969739476797814,0.05839016145826614
402,2,106.0,0,1.3460707843502069,0.017400641422802843,0.4717181167900975,0.10620527200074026,-0.6945942357216848,0.033920283531986506
404,3,108.0,0,2.947380237951893,0.11651229200540092,0.825362426648374,0.15378315568911094,0.21904743946813446,0.08307483304709284
406,2,98.0,0,1.7430537010855505,0.025770445039261958,-0.6041948551652767,0.03756201789793989,-1.3303877392201515,0.018107060105785555
407,1,107.0,0,3.990112813394104,0.10493852863237729,0.3809258961728551,0.09299605081719553,1.2696540384167023,0.2050520404879601
408,3,96.0,0,0.0,0.006479656870237882,-0.8299361753106881,0.03139555043525877,-1.3759081356005707,0.017444963564688942
409,4,109.0,0,3.8387436222801457,0.24320615534253331,0.30198599272921745,0.09449640893171296,0.06825946547976434,0.07208605843506688
410,4,108.0,0,2.9837838052068664,0.11176243643101325,0.7924447752484487,0.14964778901563314,-0.06966383611598934,0.06309872725200305
411,4,94.0,0,1.6151885848326066,0.02970786976470241,0.30198599272921745,0.09449640893171296,-0.16505692968251434,0.05752627658163478
412,4,84.0,0,2.9837838052068664,0.11176243643101325,0.7924447752484487,0.14964778901563314,-0.10920600209501476,0.06072821742687873
413,2,64.0,0,0.0,0.004558150440178599,-0.8092468638611915,0.030706360254743825,-1.792385215713475,0.011446412278457996
414,3,88.0,0,0.7793451691411968,0.014071954198530023,-0.8299361753106881,0.03139555043525877,-1.8034502378508472,0.011410827795345968
415,5,95.0,0,3.985350192456653,0.292986076500216,0.6996865546290987,0.1327352282209442,1.7873996346061125,0.33224694599856375
416,2,87.0,1,3.0891244854357574,0.09544843214680787,0.7583289418157384,0.13890051506705214,-0.6351781939988901,0.03595899321161511
417,3,56.0,0,2.947380237951893,0.11651229200540092,0.825362426648374,0.15378315568911094,-0.7724797176702775,0.03166526610795395
418,5,105.0,0,4.057970599849858,0.31121046757396975,0.49628111428772936,0.10970271740507431,0.29972077085171084,0.08718795496553344
420,2,104.0,0,0.0,0.004558150440178599,-0.8092468638611915,0.030706360254743825,-1.792385215713475,0.011446412278457996
423,3,92.0,0,2.3072238202574464,0.06322266577290936,-0.614323865100239,0.038801680627589374,-1.769666343209606,0.01180059340031503
424,1,8.0,1,2.5320409390934735,0.025466196315031997,0.3809258961728551,0.09299605081719553,1.645339527036803,0.28403098409560346
425,3,9.0,0,0.7793451691411968,0.014071954198530023,-0.8299361753106881,0.03139555043525877,-1.7604887299669363,0.011908742770525338
426,4,90.0,0,0.0,0.0059790849142008495,-0.8246221829928839,0.03166243684253267,-1.7141973072106895,0.0125070496073022
427,5,80.0,0,1.4575941905963565,0.027300632088301247,-0.5903831448324568,0.03844051053727637,-1.645173168094586,0.01296071085921302
428,2,77.0,0,0.0,0.004558150440178599,-0.8092468638611915,0.030706360254743825,-1.792385215713475,0.011446412278457996
429,3,86.0,0,0.0,0.006479656870237882,-0.8299361753106881,0.03139555043525877,-1.7604887299669363,0.011908742770525338
430,1,104.0,0,0.0,0.002048598977387517,-0.8745830232234028,0.02742847753270161,-1.836525207911054,0.010221547295094169
435,1,91.0,0,2.4026078347962962,0.022409353021720646,-0.8745830232234028,0.02742847753270161,-1.0862724945078708,0.021520912770821243
442,5,108.0,0,0.0,0.006423117953220925,-0.7845341458817134,0.031766075220542644,-1.6291571592887173,0.013168577118673364
443,4,97.0,0,0.0,0.0059790849142008495,-0.8246221829928839,0.03166243684253267,-1.65047358200956,0.013324480902568436
444,1,107.0,0,0.0,0.002048598977387517,-0.8745830232234028,0.02742847753270161,-1.8117112712540142,0.010477007212639
445,3,84.0,0,3.72672540709309,0.23666577459851823,0.825362426648374,0.15378315568911094,-0.8421908446974329,0.029564874836816246
446,3,105.0,0,1.5150282550102712,0.029142370478626556,-0.8299361753106881,0.03139555043525877,0.5571074785660366,0.1145100125045464
447,2,34.0,0,5.195699626513709,0.5615902416562986,0.4880437920212279,0.10785554835766542,0.3663817654833127,0.0948936472544415
448,1,96.0,1,4.675233880490105,0.1974437126131926,0.3809258961728551,0.09299605081719553,-0.576135010791996,0.03558620755435271
456,2,87.0,0,1.3460707843502069,0.017400641422802843,0.4717181167900975,0.10620527200074026,-1.0567600366238115,0.023737694601442372
459,3,97.0,1,2.947380237951893,0.11651229200540092,0.825362426648374,0.15378315568911094,-0.31006664146651247,0.04981123219562644
465,1,101.0,0,0.6851210670960016,0.0040603483020424935,-0.8745830232234028,0.02742847753270161,-1.823343472322088,0.0103564722385453
480,1,59.0,0,1.587504978597808,0.009980916800461204,0.3809258961728551,0.09299605081719553,-0.9363232568678262,0.024958676159905324
487,2,83.0,0,3.143966959939739,0.10054944359008078,0.4880437920212279,0.10785554835766542,-0.15298699037496513,0.05758807038307823
490,3,56.0,0,0.0,0.006479656870237882,-0.8299361753106881,0.03139555043525877,-1.3292460100018297,0.01827061518982409
493,2,102.0,0,0.0,0.004558150440178599,-0.8092468638611915,0.030706360254743825,-1.758777816681335,0.011835309418272266
495,1,75.0,0,0.0,0.002048598977387517,-0.8745830232234028,0.02742847753270161,-0.4790568997330453,0.039142191906906265
496,4,3.0,1,2.8051026155868675,0.0943691996921322,0.30198599272921745,0.09449640893171296,1.3398344592198617,0.23419651380246587
500,5,99.0,0,2.819898157313658,0.10245879345001163,0.6996865546290987,0.1327352282209442,1.5495666240774293,0.27265797603765396
518,4,87.0,0,0.0,0.0059790849142008495,-0.8246221829928839,0.03166243684253267,-1.5331714392349056,0.014970362113371216
525,2,17.0,1,2.3414287636805406,0.04638497045028589,0.4717181167900975,0.10620527200074026,0.33494227580893005,0.0920963172159559
530,5,95.0,0,1.5302145979895614,0.029326536377281,-0.7845341458817134,0.031766075220542644,0.6629218466403984,0.12293582546380644
538,1,98.0,0,1.587504978597808,0.009980916800461204,0.3809258961728551,0.09299605081719553,-0.8541469674328365,0.027067132350499734
553,4,99.0,0,0.7878812794321544,0.013099317605595573,-0.8246221829928839,0.03166243684253267,-1.65047358200956,0.013324480902568436
566,1,27.0,0,2.4075457989389597,0.022519024783116737,-0.5491285049930522,0.03777762005962704,-1.8098800187540198,0.010496109700451672
579,1,53.0,0,4.680171844632769,0.1983170663546776,0.8018568217733641,0.13816781253497767,2.097406639994657,0.4084956426342825
581,4,91.0,0,1.3685952203742595,0.023291751061518373,-0.5090101853396012,0.04315554939238919,-1.2793716127090402,0.019253628958859514
589,1,102.0,0,4.934648773889769,0.24805881816290243,0.3809258961728551,0.09299605081719553,1.8902134025086879,0.34742090968293804
591,5,53.0,1,1.5302145979895614,0.029326536377281,-0.7845341458817134,0.031766075220542644,1.0035943196603139,0.16841198509428523
593,1,90.0,0,3.9950507775367674,0.10542959534365914,0.8018568217733641,0.13816781253497767,-0.14634406450820256,0.05416829109646493
596,4,69.0,0,2.8051026155868675,0.0943691996921322,0.30198599272921745,0.09449640893171296,-0.47687292930153763,0.04244858812866281
604,5,96.0,0,2.163254077404403,0.05451522984811508,-0.5903831448324568,0.03844051053727637,-1.3212855060466169,0.017873546607719892
606,1,75.0,0,0.6851210670960016,0.0040603483020424935,-0.8745830232234028,0.02742847753270161,-1.823343472322088,0.0103564722385453
607,3,102.0,0,1.5150282550102712,0.029142370478626556,-0.8299361753106881,0.03139555043525877,0.6751555076246275,0.1279008481070576
609,4,98.0,0,1.1899140307542608,0.019518041660998353,-0.8246221829928839,0.03166243684253267,-0.24102417368681794,0.05343259953968782
615,4,104.0,0,2.1564764998064136,0.05049851028456931,-0.5090101853396012,0.04315554939238919,-0.7504331775150263,0.032456184793693055
620,3,49.0,0,2.9345298418459147,0.11511377765337116,0.4711302820794881,0.11056746612516855,1.6936367990051224,0.31541450524523706
621,5,97.0,0,2.8925185647068625,0.1097369537476085,0.49628111428772936,0.10970271740507431,0.9459108451616073,0.1597713787474465
624,4,92.0,0,0.7878812794321544,0.013099317605595573,-0.8246221829928839,0.03166243684253267,-0.27691013469943354,0.05159858299032516
628,4,92.0,0,1.1899140307542608,0.019518041660998353,-0.8246221829928839,0.03166243684253267,-1.3814446658881483,0.017401681868257635
633,4,97.0,0,2.9837838052068664,0.11176243643101325,0.7924447752484487,0.14964778901563314,-0.47356727205232746,0.04258610465735946
635,5,97.0,0,1.4575941905963565,0.027300632088301247,-0.5903831448324568,0.03844051053727637,-0.7029642329844775,0.03291599853127081
637,5,13.0,1,3.5255580441217047,0.19660970942136624,0.6996865546290987,0.1327352282209442,1.4829101353805492,0.25757215207488215
638,4,97.0,0,0.0,0.0059790849142008495,-0.8246221829928839,0.03166243684253267,-1.6106469633016716,0.01386208956048618
642,4,35.0,0,0.7878812794321544,0.013099317605595573,-0.8246221829928839,0.03166243684253267,-1.6106469633016716,0.01386208956048618
647,3,91.0,0,2.947380237951893,0.11651229200540092,0.825362426648374,0.15378315568911094,1.6062808498015755,0.2933668225409697
658,4,25.0,0,0.0,0.0059790849142008495,-0.8246221829928839,0.03166243684253267,0.33980197547552426,0.09349430623824695
673,5,94.0,0,1.3623039667173014,0.02485035486195275,0.49628111428772936,0.10970271740507431,-0.5052869898192609,0.039964875258742816
686,5,85.0,0,3.985350192456653,0.292986076500216,0.6996865546290987,0.1327352282209442,-0.42335143441687684,0.043302379958203185
689,3,80.0,0,0.0,0.006479656870237882,-0.8299361753106881,0.03139555043525877,-1.2366586754288675,0.02002516747616967
696,1,92.0,0,3.990112813394104,0.10493852863237729,0.3809258961728551,0.09299605081719553,-0.1925784856230933,0.05178538527218568
698,1,20.0,0,3.9950507775367674,0.10542959534365914,0.8018568217733641,0.13816781253497767,-0.524146241312538,0.03744922749912394
706,2,82.0,0,0.0,0.004558150440178599,-0.8092468638611915,0.030706360254743825,-1.758777816681335,0.011835309418272266
713,1,24.0,0,3.9950507775367674,0.10542959534365914,0.8018568217733641,0.13816781253497767,-0.41233793107981537,0.041785607739178054
714,2,100.0,0,4.084482464766091,0.23770691738914695,0.7583289418157384,0.13890051506705214,1.450389601137255,0.25529856852312727
716,4,94.0,0,1.1899140307542608,0.019518041660998353,-0.8246221829928839,0.03166243684253267,0.3685853392272301,0.09608896700336444
718,1,101.0,0,2.4075457989389597,0.022519024783116737,-0.5491285049930522,0.03777762005962704,0.913761538998749,0.1485042546398634
719,3,45.0,0,2.9345298418459147,0.11511377765337116,0.4711302820794881,0.11056746612516855,1.7670345404639458,0.3348890231642849
720,3,48.0,0,0.7793451691411968,0.014071954198530023,-0.8299361753106881,0.03139555043525877,-1.7604887299669363,0.011908742770525338
722,1,64.0,0,0.0,0.002048598977387517,-0.8745830232234028,0.02742847753270161,-1.823343472322088,0.0103564722385453
725,1,51.0,1,3.9950507775367674,0.10542959534365914,0.8018568217733641,0.13816781253497767,1.550858164988963,0.2621360646303105
726,2,106.0,0,4.200341647183375,0.26270360842616236,0.4880437920212279,0.10785554835766542,1.4597018867111609,0.2573494924504667
727,5,97.0,0,0.7056598868080468,0.012965161311779383,-0.7845341458817134,0.031766075220542644,-1.6153245336167228,0.013350768935472379
735,2,22.0,1,1.7978961755895324,0.02720329602602667,-0.792921182042995,0.03120380882135565,0.69738561268964,0.12961770060722733
739,4,81.0,0,3.8387436222801457,0.24320615534253331,0.30198599272921745,0.09449640893171296,-0.38711428317180285,0.04634118056394598
751,3,75.0,0,2.294373424151468,0.06244117478704492,-0.8299361753106881,0.03139555043525877,0.3900652205359397,0.09778775346293067
752,2,89.0,0,3.0891244854357574,0.09544843214680787,0.7583289418157384,0.13890051506705214,0.7908215397929014,0.14137162302376527
755,1,78.0,0,2.2726260456938094,0.019705011333338462,0.3809258961728551,0.09299605081719553,0.4567312581720804,0.09677851633614631
757,2,84.0,0,0.0,0.004558150440178599,-0.8092468638611915,0.030706360254743825,-1.758777816681335,0.011835309418272266
758,2,108.0,0,0.9953579793303339,0.012285062868868324,-0.8092468638611915,0.030706360254743825,-1.3578528428424563,0.01762086297535037
759,2,39.0,0,0.0,0.004558150440178599,-0.8092468638611915,0.030706360254743825,-1.758777816681335,0.011835309418272266
761,1,107.0,0,2.4075457989389597,0.022519024783116737,-0.5491285049930522,0.03777762005962704,-1.8098800187540198,0.010496109700451672
764,5,104.0,0,2.819898157313658,0.10245879345001163,0.6996865546290987,0.1327352282209442,-0.188966016066124,0.05442347398399383
768,2,88.0,0,0.9953579793303339,0.012285062868868324,-0.8092468638611915,0.030706360254743825,0.4139074561899845,0.0992753519324786
771,4,105.0,0,1.3685952203742595,0.023291751061518373,-0.5090101853396012,0.04315554939238919,-1.2824730677108591,0.01919458310970068
774,1,44.0,0,4.675233880490105,0.1974437126131926,0.3809258961728551,0.09299605081719553,1.7463027118336782,0.30899882810997215
777,4,78.0,0,0.0,0.0059790849142008495,-0.8246221829928839,0.03166243684253267,-1.65047358200956,0.013324480902568436
782,5,109.0,0,0.7056598868080468,0.012965161311779383,-0.7845341458817134,0.031766075220542644,-1.620050667264816,0.013288240393981021
783,1,43.0,1,4.934648773889769,0.24805881816290243,0.3809258961728551,0.09299605081719553,-0.20913797589059488,0.05095695665108935
785,3,105.0,0,3.72672540709309,0.23666577459851823,0.825362426648374,0.15378315568911094,1.4031751162768116,0.24679468066128696
791,5,107.0,0,3.985350192456653,0.292986076500216,0.6996865546290987,0.1327352282209442,-0.26317306289804854,0.05063138732034933
794,5,99.0,0,0.0,0.006423117953220925,-0.7845341458817134,0.031766075220542644,-1.6291571592887173,0.013168577118673364
795,4,15.0,0,3.592983895019022,0.19583133038639777,0.30198599272921745,0.09449640893171296,1.3398344592198617,0.23419651380246587
796,1,87.0,0,0.0,0.002048598977387517,-0.8745830232234028,0.02742847753270161,-1.823343472322088,0.0103564722385453
800,2,72.0,0,0.0,0.004558150440178599,-0.8092468638611915,0.030706360254743825,-1.758777816681335,0.011835309418272266
806,5,106.0,0,0.0,0.006423117953220925,-0.7845341458817134,0.031766075220542644,-1.620050667264816,0.013288240393981021
812,5,91.0,0,0.0,0.006423117953220925,-0.7845341458817134,0.031766075220542644,-1.246954425733965,0.019239379620175523
813,5,93.0,0,0.0,0.006423117953220925,-0.7845341458817134,0.031766075220542644,-1.6291571592887173,0.013168577118673364
821,4,84.0,0,0.0,0.0059790849142008495,-0.8246221829928839,0.03166243684253267,-1.6106469633016716,0.01386208956048618
827,3,67.0,0,0.0,0.006479656870237882,-0.8299361753106881,0.03139555043525877,-1.8034502378508472,0.011410827795345968
843,2,93.0,0,0.9953579793303339,0.012285062868868324,-0.8092468638611915,0.030706360254743825,-1.758777816681335,0.011835309418272266
845,5,15.0,1,4.763630486657904,0.5300023685366103,0.49628111428772936,0.10970271740507431,0.6350362587557514,0.11976622161948358
846,3,93.0,0,1.4195015868356435,0.02652287020178845,0.4711302820794881,0.11056746612516855,-0.8550266235004894,0.029193370345664604
851,1,73.0,0,0.6851210670960016,0.0040603483020424935,-0.8745830232234028,0.02742847753270161,-1.823343472322088,0.0103564722385453
852,5,96.0,0,2.067963853525348,0.04968557881267022,0.49628111428772936,0.10970271740507431,-0.917967907233484,0.02663367521610982
853,4,91.0,0,0.7878812794321544,0.013099317605595573,-0.8246221829928839,0.03166243684253267,-1.65047358200956,0.013324480902568436
855,5,111.0,1,2.8925185647068625,0.1097369537476085,0.49628111428772936,0.10970271740507431,0.038380471199329295,0.06783476366308028
860,4,69.0,0,0.7878812794321544,0.013099317605595573,-0.8246221829928839,0.03166243684253267,-1.6106469633016716,0.01386208956048618
864,1,99.0,0,0.0,0.002048598977387517,-0.8745830232234028,0.02742847753270161,-1.823343472322088,0.0103564722385453
869,4,94.0,1,3.7716650846390207,0.22939945390024985,0.7924447752484487,0.14964778901563314,1.665457345726882,0.308941341007714
874,2,107.0,0,1.3460707843502069,0.017400641422802843,0.4717181167900975,0.10620527200074026,-1.0468075443877134,0.023972254612334987
882,3,46.0,0,2.3072238202574464,0.06322266577290936,-0.614323865100239,0.038801680627589374,0.7584578201289913,0.1382073199143926
886,3,82.0,1,3.795413872025062,0.25118340072198386,0.825362426648374,0.15378315568911094,1.9653242669381903,0.3917921374412845
889,4,95.0,0,0.7878812794321544,0.013099317605595573,-0.8246221829928839,0.03166243684253267,-1.65047358200956,0.013324480902568436
892,5,49.0,0,0.0,0.006423117953220925,-0.7845341458817134,0.031766075220542644,-0.19928918006323784,0.05387987848989384
897,1,108.0,0,4.934648773889769,0.24805881816290243,0.3809258961728551,0.09299605081719553,1.7755254580663513,0.3165311897752727
903,2,105.0,0,4.200341647183375,0.26270360842616236,0.4880437920212279,0.10785554835766542,-0.3950957830174919,0.04549158557862942
907,2,91.0,0,2.3414287636805406,0.04638497045028589,0.4717181167900975,0.10620527200074026,-0.6597816580151733,0.03510059475920069
911,4,99.0,0,0.0,0.0059790849142008495,-0.8246221829928839,0.03166243684253267,-1.65047358200956,0.013324480902568436
917,4,18.0,0,2.9837838052068664,0.11176243643101325,0.7924447752484487,0.14964778901563314,0.6014453792563037,0.1197183849119059
925,3,26.0,1,4.574759041166258,0.46772881976851166,0.825362426648374,0.15378315568911094,2.050296304778679,0.4180303538574176
926,5,88.0,0,3.5255580441217047,0.19660970942136624,0.6996865546290987,0.1327352282209442,-0.4914543653312058,0.04051010600133598
928,1,64.0,0,1.587504978597808,0.009980916800461204,0.3809258961728551,0.09299605081719553,-0.9363232568678262,0.024958676159905324
931,4,4.0,1,3.8387436222801457,0.24320615534253331,0.30198599272921745,0.09449640893171296,1.0490123895175847,0.18085557523148132
952,5,105.0,0,4.763630486657904,0.5300023685366103,0.49628111428772936,0.10970271740507431,-0.6929096246645068,0.03324303466294143
954,1,52.0,0,0.0,0.002048598977387517,-0.8745830232234028,0.02742847753270161,-1.7386522084586198,0.011266612596462555
956,4,93.0,0,1.3685952203742595,0.023291751061518373,-0.5090101853396012,0.04315554939238919,1.0428814874793373,0.17985614896413715
959,1,102.0,0,0.0,0.002048598977387517,-0.8745830232234028,0.02742847753270161,-1.823343472322088,0.0103564722385453
962,3,94.0,0,0.0,0.006479656870237882,-0.8299361753106881,0.03139555043525877,-1.7825020410026868,0.011650972695898876
967,1,35.0,1,0.6851210670960016,0.0040603483020424935,-0.8745830232234028,0.02742847753270161,-0.06009639597865897,0.05890108411209993
968,2,106.0,0,0.0,0.004558150440178599,-0.8092468638611915,0.030706360254743825,-1.758777816681335,0.011835309418272266
